Workbook

Sheet DASHBOARD
A1: Latest Comparison
A3: Company | B3: Download MoM Growth | C3: Download 3M Growth | D3: Download 6M Growth | E3: Star Growth (30d) | F3: Fork Growth (30d) | G3: Trends (latest, 0-100)
A4: {=IFERROR( _xlfn.LET( _xlpm.filtered, _xlfn.UNIQUE(_xlfn._xlws.FILTER(Config!$A$1:$A$498, Config!$G$1:$G$498="Y")), INDEX(_xlpm.filtered, ROW()-ROW($A$2)+1) ), "" )} | B4: =IFERROR(_xlfn.SINGLE(_xlfn.XLOOKUP($A4,ProxyCalc[Company],ProxyCalc[Download MoM Growth],,0)),"") | C4: =IFERROR(_xlfn.SINGLE(_xlfn.XLOOKUP($A4,ProxyCalc[Company],ProxyCalc[Download 3M Growth],,0)),"") | D4: =IFERROR(_xlfn.SINGLE(_xlfn.XLOOKUP($A4,ProxyCalc[Company],ProxyCalc[Download 6M Growth],,0)),"") | E4: =IFERROR(_xlfn.SINGLE(_xlfn.XLOOKUP($A4,ProxyCalc[Company],ProxyCalc[Star Growth (30d)])),"") | F4: =IFERROR(_xlfn.SINGLE(_xlfn.XLOOKUP($A4,ProxyCalc[Company],ProxyCalc[Fork Growth (30d)])),"") | G4: =IFERROR(_xlfn.SINGLE(_xlfn.XLOOKUP($A4,ProxyCalc[Company],ProxyCalc[Trends Index (latest)])),"")
A5: {=IFERROR( _xlfn.LET( _xlpm.filtered, _xlfn.UNIQUE(_xlfn._xlws.FILTER(Config!$A$1:$A$498, Config!$G$1:$G$498="Y")), INDEX(_xlpm.filtered, ROW()-ROW($A$2)+1) ), "" )} | B5: =IFERROR(_xlfn.SINGLE(_xlfn.XLOOKUP($A5,ProxyCalc[Company],ProxyCalc[Download MoM Growth],,0)),"") | C5: =IFERROR(_xlfn.SINGLE(_xlfn.XLOOKUP($A5,ProxyCalc[Company],ProxyCalc[Download 3M Growth],,0)),"") | D5: =IFERROR(_xlfn.SINGLE(_xlfn.XLOOKUP($A5,ProxyCalc[Company],ProxyCalc[Download 6M Growth],,0)),"") | E5: =IFERROR(_xlfn.SINGLE(_xlfn.XLOOKUP($A5,ProxyCalc[Company],ProxyCalc[Star Growth (30d)])),"") | F5: =IFERROR(_xlfn.SINGLE(_xlfn.XLOOKUP($A5,ProxyCalc[Company],ProxyCalc[Fork Growth (30d)])),"") | G5: =IFERROR(_xlfn.SINGLE(_xlfn.XLOOKUP($A5,ProxyCalc[Company],ProxyCalc[Trends Index (latest)])),"")
A6: {=IFERROR( _xlfn.LET( _xlpm.filtered, _xlfn.UNIQUE(_xlfn._xlws.FILTER(Config!$A$1:$A$498, Config!$G$1:$G$498="Y")), INDEX(_xlpm.filtered, ROW()-ROW($A$2)+1) ), "" )} | B6: =IFERROR(_xlfn.SINGLE(_xlfn.XLOOKUP($A6,ProxyCalc[Company],ProxyCalc[Download MoM Growth],,0)),"") | C6: =IFERROR(_xlfn.SINGLE(_xlfn.XLOOKUP($A6,ProxyCalc[Company],ProxyCalc[Download 3M Growth],,0)),"") | D6: =IFERROR(_xlfn.SINGLE(_xlfn.XLOOKUP($A6,ProxyCalc[Company],ProxyCalc[Download 6M Growth],,0)),"") | E6: =IFERROR(_xlfn.SINGLE(_xlfn.XLOOKUP($A6,ProxyCalc[Company],ProxyCalc[Star Growth (30d)])),"") | F6: =IFERROR(_xlfn.SINGLE(_xlfn.XLOOKUP($A6,ProxyCalc[Company],ProxyCalc[Fork Growth (30d)])),"") | G6: =IFERROR(_xlfn.SINGLE(_xlfn.XLOOKUP($A6,ProxyCalc[Company],ProxyCalc[Trends Index (latest)])),"")
A7: {=IFERROR( _xlfn.LET( _xlpm.filtered, _xlfn.UNIQUE(_xlfn._xlws.FILTER(Config!$A$1:$A$498, Config!$G$1:$G$498="Y")), INDEX(_xlpm.filtered, ROW()-ROW($A$2)+1) ), "" )} | B7: =IFERROR(_xlfn.SINGLE(_xlfn.XLOOKUP($A7,ProxyCalc[Company],ProxyCalc[Download MoM Growth],,0)),"") | C7: =IFERROR(_xlfn.SINGLE(_xlfn.XLOOKUP($A7,ProxyCalc[Company],ProxyCalc[Download 3M Growth],,0)),"") | D7: =IFERROR(_xlfn.SINGLE(_xlfn.XLOOKUP($A7,ProxyCalc[Company],ProxyCalc[Download 6M Growth],,0)),"") | E7: =IFERROR(_xlfn.SINGLE(_xlfn.XLOOKUP($A7,ProxyCalc[Company],ProxyCalc[Star Growth (30d)])),"") | F7: =IFERROR(_xlfn.SINGLE(_xlfn.XLOOKUP($A7,ProxyCalc[Company],ProxyCalc[Fork Growth (30d)])),"") | G7: =IFERROR(_xlfn.SINGLE(_xlfn.XLOOKUP($A7,ProxyCalc[Company],ProxyCalc[Trends Index (latest)])),"")
A8: {=IFERROR( _xlfn.LET( _xlpm.filtered, _xlfn.UNIQUE(_xlfn._xlws.FILTER(Config!$A$1:$A$498, Config!$G$1:$G$498="Y")), INDEX(_xlpm.filtered, ROW()-ROW($A$2)+1) ), "" )} | B8: =IFERROR(_xlfn.SINGLE(_xlfn.XLOOKUP($A8,ProxyCalc[Company],ProxyCalc[Download MoM Growth],,0)),"") | C8: =IFERROR(_xlfn.SINGLE(_xlfn.XLOOKUP($A8,ProxyCalc[Company],ProxyCalc[Download 3M Growth],,0)),"") | D8: =IFERROR(_xlfn.SINGLE(_xlfn.XLOOKUP($A8,ProxyCalc[Company],ProxyCalc[Download 6M Growth],,0)),"") | E8: =IFERROR(_xlfn.SINGLE(_xlfn.XLOOKUP($A8,ProxyCalc[Company],ProxyCalc[Star Growth (30d)])),"") | F8: =IFERROR(_xlfn.SINGLE(_xlfn.XLOOKUP($A8,ProxyCalc[Company],ProxyCalc[Fork Growth (30d)])),"") | G8: =IFERROR(_xlfn.SINGLE(_xlfn.XLOOKUP($A8,ProxyCalc[Company],ProxyCalc[Trends Index (latest)])),"")
A9: {=IFERROR( _xlfn.LET( _xlpm.filtered, _xlfn.UNIQUE(_xlfn._xlws.FILTER(Config!$A$1:$A$498, Config!$G$1:$G$498="Y")), INDEX(_xlpm.filtered, ROW()-ROW($A$2)+1) ), "" )} | B9: =IFERROR(_xlfn.SINGLE(_xlfn.XLOOKUP($A9,ProxyCalc[Company],ProxyCalc[Download MoM Growth],,0)),"") | C9: =IFERROR(_xlfn.SINGLE(_xlfn.XLOOKUP($A9,ProxyCalc[Company],ProxyCalc[Download 3M Growth],,0)),"") | D9: =IFERROR(_xlfn.SINGLE(_xlfn.XLOOKUP($A9,ProxyCalc[Company],ProxyCalc[Download 6M Growth],,0)),"") | E9: =IFERROR(_xlfn.SINGLE(_xlfn.XLOOKUP($A9,ProxyCalc[Company],ProxyCalc[Star Growth (30d)])),"") | F9: =IFERROR(_xlfn.SINGLE(_xlfn.XLOOKUP($A9,ProxyCalc[Company],ProxyCalc[Fork Growth (30d)])),"") | G9: =IFERROR(_xlfn.SINGLE(_xlfn.XLOOKUP($A9,ProxyCalc[Company],ProxyCalc[Trends Index (latest)])),"")
A10: {=IFERROR( _xlfn.LET( _xlpm.filtered, _xlfn.UNIQUE(_xlfn._xlws.FILTER(Config!$A$1:$A$498, Config!$G$1:$G$498="Y")), INDEX(_xlpm.filtered, ROW()-ROW($A$2)+1) ), "" )} | B10: =IFERROR(_xlfn.SINGLE(_xlfn.XLOOKUP($A10,ProxyCalc[Company],ProxyCalc[Download MoM Growth],,0)),"") | C10: =IFERROR(_xlfn.SINGLE(_xlfn.XLOOKUP($A10,ProxyCalc[Company],ProxyCalc[Download 3M Growth],,0)),"") | D10: =IFERROR(_xlfn.SINGLE(_xlfn.XLOOKUP($A10,ProxyCalc[Company],ProxyCalc[Download 6M Growth],,0)),"") | E10: =IFERROR(_xlfn.SINGLE(_xlfn.XLOOKUP($A10,ProxyCalc[Company],ProxyCalc[Star Growth (30d)])),"") | F10: =IFERROR(_xlfn.SINGLE(_xlfn.XLOOKUP($A10,ProxyCalc[Company],ProxyCalc[Fork Growth (30d)])),"") | G10: =IFERROR(_xlfn.SINGLE(_xlfn.XLOOKUP($A10,ProxyCalc[Company],ProxyCalc[Trends Index (latest)])),"")
A11: {=IFERROR( _xlfn.LET( _xlpm.filtered, _xlfn.UNIQUE(_xlfn._xlws.FILTER(Config!$A$1:$A$498, Config!$G$1:$G$498="Y")), INDEX(_xlpm.filtered, ROW()-ROW($A$2)+1) ), "" )} | B11: =IFERROR(_xlfn.SINGLE(_xlfn.XLOOKUP($A11,ProxyCalc[Company],ProxyCalc[Download MoM Growth],,0)),"") | C11: =IFERROR(_xlfn.SINGLE(_xlfn.XLOOKUP($A11,ProxyCalc[Company],ProxyCalc[Download 3M Growth],,0)),"") | D11: =IFERROR(_xlfn.SINGLE(_xlfn.XLOOKUP($A11,ProxyCalc[Company],ProxyCalc[Download 6M Growth],,0)),"") | E11: =IFERROR(_xlfn.SINGLE(_xlfn.XLOOKUP($A11,ProxyCalc[Company],ProxyCalc[Star Growth (30d)])),"") | F11: =IFERROR(_xlfn.SINGLE(_xlfn.XLOOKUP($A11,ProxyCalc[Company],ProxyCalc[Fork Growth (30d)])),"") | G11: =IFERROR(_xlfn.SINGLE(_xlfn.XLOOKUP($A11,ProxyCalc[Company],ProxyCalc[Trends Index (latest)])),"")
A12: {=IFERROR( _xlfn.LET( _xlpm.filtered, _xlfn.UNIQUE(_xlfn._xlws.FILTER(Config!$A$1:$A$498, Config!$G$1:$G$498="Y")), INDEX(_xlpm.filtered, ROW()-ROW($A$2)+1) ), "" )} | B12: =IFERROR(_xlfn.SINGLE(_xlfn.XLOOKUP($A12,ProxyCalc[Company],ProxyCalc[Download MoM Growth],,0)),"") | C12: =IFERROR(_xlfn.SINGLE(_xlfn.XLOOKUP($A12,ProxyCalc[Company],ProxyCalc[Download 3M Growth],,0)),"") | D12: =IFERROR(_xlfn.SINGLE(_xlfn.XLOOKUP($A12,ProxyCalc[Company],ProxyCalc[Download 6M Growth],,0)),"") | E12: =IFERROR(_xlfn.SINGLE(_xlfn.XLOOKUP($A12,ProxyCalc[Company],ProxyCalc[Star Growth (30d)])),"") | F12: =IFERROR(_xlfn.SINGLE(_xlfn.XLOOKUP($A12,ProxyCalc[Company],ProxyCalc[Fork Growth (30d)])),"") | G12: =IFERROR(_xlfn.SINGLE(_xlfn.XLOOKUP($A12,ProxyCalc[Company],ProxyCalc[Trends Index (latest)])),"")
A13: {=IFERROR( _xlfn.LET( _xlpm.filtered, _xlfn.UNIQUE(_xlfn._xlws.FILTER(Config!$A$1:$A$498, Config!$G$1:$G$498="Y")), INDEX(_xlpm.filtered, ROW()-ROW($A$2)+1) ), "" )} | B13: =IFERROR(_xlfn.SINGLE(_xlfn.XLOOKUP($A13,ProxyCalc[Company],ProxyCalc[Download MoM Growth],,0)),"") | C13: =IFERROR(_xlfn.SINGLE(_xlfn.XLOOKUP($A13,ProxyCalc[Company],ProxyCalc[Download 3M Growth],,0)),"") | D13: =IFERROR(_xlfn.SINGLE(_xlfn.XLOOKUP($A13,ProxyCalc[Company],ProxyCalc[Download 6M Growth],,0)),"") | E13: =IFERROR(_xlfn.SINGLE(_xlfn.XLOOKUP($A13,ProxyCalc[Company],ProxyCalc[Star Growth (30d)])),"") | F13: =IFERROR(_xlfn.SINGLE(_xlfn.XLOOKUP($A13,ProxyCalc[Company],ProxyCalc[Fork Growth (30d)])),"") | G13: =IFERROR(_xlfn.SINGLE(_xlfn.XLOOKUP($A13,ProxyCalc[Company],ProxyCalc[Trends Index (latest)])),"")
A14: {=IFERROR( _xlfn.LET( _xlpm.filtered, _xlfn.UNIQUE(_xlfn._xlws.FILTER(Config!$A$1:$A$498, Config!$G$1:$G$498="Y")), INDEX(_xlpm.filtered, ROW()-ROW($A$2)+1) ), "" )} | B14: =IFERROR(_xlfn.SINGLE(_xlfn.XLOOKUP($A14,ProxyCalc[Company],ProxyCalc[Download MoM Growth],,0)),"") | C14: =IFERROR(_xlfn.SINGLE(_xlfn.XLOOKUP($A14,ProxyCalc[Company],ProxyCalc[Download 3M Growth],,0)),"") | D14: =IFERROR(_xlfn.SINGLE(_xlfn.XLOOKUP($A14,ProxyCalc[Company],ProxyCalc[Download 6M Growth],,0)),"") | E14: =IFERROR(_xlfn.SINGLE(_xlfn.XLOOKUP($A14,ProxyCalc[Company],ProxyCalc[Star Growth (30d)])),"") | F14: =IFERROR(_xlfn.SINGLE(_xlfn.XLOOKUP($A14,ProxyCalc[Company],ProxyCalc[Fork Growth (30d)])),"") | G14: =IFERROR(_xlfn.SINGLE(_xlfn.XLOOKUP($A14,ProxyCalc[Company],ProxyCalc[Trends Index (latest)])),"")
A15: {=IFERROR( _xlfn.LET( _xlpm.filtered, _xlfn.UNIQUE(_xlfn._xlws.FILTER(Config!$A$1:$A$498, Config!$G$1:$G$498="Y")), INDEX(_xlpm.filtered, ROW()-ROW($A$2)+1) ), "" )} | B15: =IFERROR(_xlfn.SINGLE(_xlfn.XLOOKUP($A15,ProxyCalc[Company],ProxyCalc[Download MoM Growth],,0)),"") | C15: =IFERROR(_xlfn.SINGLE(_xlfn.XLOOKUP($A15,ProxyCalc[Company],ProxyCalc[Download 3M Growth],,0)),"") | D15: =IFERROR(_xlfn.SINGLE(_xlfn.XLOOKUP($A15,ProxyCalc[Company],ProxyCalc[Download 6M Growth],,0)),"") | E15: =IFERROR(_xlfn.SINGLE(_xlfn.XLOOKUP($A15,ProxyCalc[Company],ProxyCalc[Star Growth (30d)])),"") | F15: =IFERROR(_xlfn.SINGLE(_xlfn.XLOOKUP($A15,ProxyCalc[Company],ProxyCalc[Fork Growth (30d)])),"") | G15: =IFERROR(_xlfn.SINGLE(_xlfn.XLOOKUP($A15,ProxyCalc[Company],ProxyCalc[Trends Index (latest)])),"")
... A58: {=IFERROR( _xlfn.LET( _xlpm.filtered, _xlfn.UNIQUE(_xlfn._xlws.FILTER(Config!$A$1:$A$498, Config!$G$1:$G$498="Y")), INDEX(_xlpm.filtered, ROW()-ROW($A$2)+1) ), "" )} | B58: =IFERROR(_xlfn.SINGLE(_xlfn.XLOOKUP($A58,ProxyCalc[Company],ProxyCalc[Download MoM Growth],,0)),"") | C58: =IFERROR(_xlfn.SINGLE(_xlfn.XLOOKUP($A58,ProxyCalc[Company],ProxyCalc[Download 3M Growth],,0)),"") | D58: =IFERROR(_xlfn.SINGLE(_xlfn.XLOOKUP($A58,ProxyCalc[Company],ProxyCalc[Download 6M Growth],,0)),"") | E58: =IFERROR(_xlfn.SINGLE(_xlfn.XLOOKUP($A58,ProxyCalc[Company],ProxyCalc[Star Growth (30d)])),"") | F58: =IFERROR(_xlfn.SINGLE(_xlfn.XLOOKUP($A58,ProxyCalc[Company],ProxyCalc[Fork Growth (30d)])),"") | G58: =IFERROR(_xlfn.SINGLE(_xlfn.XLOOKUP($A58,ProxyCalc[Company],ProxyCalc[Trends Index (latest)])),"")

Sheet README
A1: Quantum Platform Telemetry Model
A3: What this workbook does
A4: • Stores time-series snapshots from GitHub + PyPI + Google Trends
A5: • Computes growth (WoW/MoM), activity proxies per company
A6: • Lets you compare different quantum python libraries
A8: How to run automation
A9: 1) Fill in the Config sheet (repos, packages, domains, trend keywords, GitHub token).
A10: 2) Run update_telemetry_free.py weekly (cron / Task Scheduler). It appends snapshots.
A11: 3) Open Dashboard sheet for latest metrics and trend deltas.
A13: Notes / limitations
A14: • GitHub/PyPI/Trends are developer & interest proxies, not true product MAU.
A15: • Google Trends values are relative to the keyword set in the query (0–100). Keep the keyword set stable.
... A24: launchctl unload ~/Library/LaunchAgents/com.telemetry.weekly.plist

Sheet Config
A1: Inputs
A3: Global settings
A4: GitHub Token (classic PAT) | B4: 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
A5: Snapshot frequency (days) | B5: 7
A7: Proxy coefficients
A8: k_monthly_contributors | B8: 40
A9: k_monthly_issue_authors | B9: 25
A10: k_monthly_star_growth | B10: 30
A11: k_monthly_fork_growth | B11: 20
A12: wau_factor_low | B12: 0.2
A13: wau_factor_high | B13: 0.35
A15: Google Trends settings (free)
A16: Geo (leave blank = worldwide)
A17: Timeframe (e.g., today 3-m, today 12-m, today 5-y) | B17: today 12-m
A18: Sampling method | B18: weekly_avg
A20: Company → Repos / Packages / Trend Keywords (add rows as needed)
A21: Company | B21: Type | C21: GitHub Owner | D21: Repo | E21: PyPI Package | F21: Trend Keyword | G21: Include? (Y/N)
A22: Qiskit Community | B22: SDK | C22: Qiskit | D22: qiskit | E22: qiskit | F22: qiskit | G22: Y
A23: Qiskit Community | B23: SDK | C23: qiskit-community | D23: qiskit-algorithms | F23: qiskit | G23: Y
A24: AWS Braket | B24: SDK | C24: amazon-braket | D24: amazon-braket-sdk-python | E24: amazon-braket-sdk | F24: amazon braket | G24: Y
A25: qBraid | B25: SDK | C25: qBraid | D25: qBraid | E25: qbraid | F25: qbraid | G25: Y
A26: Aqora | B26: SDK | C26: aqora-io | D26: q3as-py | E26: q3as | F26: aqora | G26: Y
A27: Aqora | B27: SDK | C27: aqora-io | D27: cli | E27: aqora-cli | F27: aqora | G27: Y
A28: IBM | B28: SDK | C28: qiskit | D28: qiskit | E28: qiskit | F28: qiskit | G28: Y
A29: Google | B29: SDK | C29: quantumlib | D29: cirq | E29: cirq | F29: cirq | G29: Y
A30: Xanadu | B30: ML | C30: PennyLaneAI | D30: pennylane | E30: pennylane | F30: pennylane | G30: Y
A31: Amazon Braket | B31: SDK | C31: amazon-braket | D31: amazon-braket-sdk-python | E31: amazon-braket-sdk | F31: amazon braket | G31: Y
A32: D-Wave | B32: Systems | C32: dwavesystems | D32: dwave-ocean-sdk | E32: dwave-ocean-sdk | F32: dwave ocean | G32: Y
A33: Rigetti | B33: SDK | C33: rigetti | D33: pyquil | E33: pyquil | F33: pyquil | G33: Y
A34: Blueqat | B34: SDK | C34: Blueqat | D34: Blueqat | E34: blueqat | F34: blueqat | G34: Y
A35: QuTiP Team | B35: Simulator | C35: qutip | D35: qutip | E35: qutip | F35: qutip | G35: Y
... A86: Microsoft | B86: SDK | C86: Microsoft | D86: qdk | E86: qdk | F86: qdk | G86: N

Sheet GitHub_Snapshots
A1: Snapshot Date | B1: Company | C1: Owner | D1: Repo | E1: Stars | F1: Forks | G1: Open Issues | H1: Open PRs | I1: Commits (7d) | J1: Unique Commit Authors (30d) | K1: Unique Issue Authors (30d) | L1: Unique PR Authors (30d) | M1: Releases (12m)
A2: 46059 | B2: Qiskit Community | C2: Qiskit | D2: qiskit | E2: 7017 | F2: 2762 | G2: 1114 | H2: 100 | I2: 14 | J2: 22 | K2: 99 | L2: 77 | M2: 25
A3: 46059 | B3: Qiskit Community | C3: qiskit-community | D3: qiskit-algorithms | E3: 172 | F3: 75 | G3: 43 | H3: 7 | I3: 0 | J3: 0 | K3: 0 | L3: 2 | M3: 1
A4: 46059 | B4: AWS Braket | C4: amazon-braket | D4: amazon-braket-sdk-python | E4: 354 | F4: 143 | G4: 28 | H4: 7 | I4: 8 | J4: 7 | K4: 7 | L4: 10 | M4: 50
A5: 46059 | B5: qBraid | C5: qBraid | D5: qBraid | E5: 106 | F5: 53 | G5: 43 | H5: 12 | I5: 0 | J5: 3 | K5: 2 | L5: 5 | M5: 9
A6: 46059 | B6: Aqora | C6: aqora-io | D6: q3as-py | E6: 2 | F6: 1 | G6: 0 | H6: 0 | I6: 0 | J6: 0 | K6: 0 | L6: 0 | M6: 0
A7: 46059 | B7: Aqora | C7: aqora-io | D7: cli | E7: 3 | F7: 2 | G7: 6 | H7: 0 | I7: 0 | J7: 1 | K7: 0 | L7: 1 | M7: 0
A8: 46064 | B8: Qiskit Community | C8: Qiskit | D8: qiskit | E8: 7030 | F8: 2760 | G8: 1110 | H8: 100 | I8: 20 | J8: 21 | K8: 97 | L8: 75 | M8: 25
A9: 46064 | B9: Qiskit Community | C9: qiskit-community | D9: qiskit-algorithms | E9: 173 | F9: 75 | G9: 43 | H9: 7 | I9: 0 | J9: 0 | K9: 0 | L9: 2 | M9: 1
A10: 46064 | B10: AWS Braket | C10: amazon-braket | D10: amazon-braket-sdk-python | E10: 355 | F10: 144 | G10: 28 | H10: 7 | I10: 6 | J10: 5 | K10: 6 | L10: 9 | M10: 49
A11: 46064 | B11: qBraid | C11: qBraid | D11: qBraid | E11: 106 | F11: 53 | G11: 42 | H11: 11 | I11: 4 | J11: 4 | K11: 2 | L11: 5 | M11: 11
A12: 46064 | B12: Aqora | C12: aqora-io | D12: q3as-py | E12: 2 | F12: 1 | G12: 0 | H12: 0 | I12: 0 | J12: 0 | K12: 0 | L12: 0 | M12: 0
A13: 46064 | B13: Aqora | C13: aqora-io | D13: cli | E13: 3 | F13: 2 | G13: 8 | H13: 2 | I13: 4 | J13: 2 | K13: 0 | L13: 2 | M13: 0
... A122: 46076 | B122: OpenFermion | C122: quantumlib | D122: OpenFermion-PySCF | E122: 115 | F122: 44 | G122: 12 | H122: 1 | I122: 0 | J122: 0 | K122: 0 | L122: 0 | M122: 0
A123: 46076 | B123: Cirq-Quantum Volume | C123: quantumlib | D123: qdesign
A124: 46076 | B124: Quantum CSP | C124: meaksh | D124: Quantum-CSP
A125: 46076 | B125: PennyLaneAI (Lightning) | C125: PennyLaneAI | D125: pennylane-lightning | E125: 133 | F125: 50 | G125: 54 | H125: 30 | I125: 1 | J125: 5 | K125: 2 | L125: 11 | M125: 5
A126: 46076 | B126: SymPy | C126: sympy | D126: sympy | E126: 14407 | F126: 5093 | G126: 5564 | H126: 100 | I126: 24 | J126: 25 | K126: 65 | L126: 134 | M126: 3
A127: 46076 | B127: PyQIR | C127: qir-alliance | D127: pyqir | E127: 72 | F127: 30 | G127: 16 | H127: 1 | I127: 0 | J127: 0 | K127: 1 | L127: 0 | M127: 9
A128: 46076 | B128: Z2Pack | C128: physics-materials | D128: z2pack
A129: 46076 | B129: NetKet | C129: netket | D129: netket | E129: 665 | F129: 211 | G129: 108 | H129: 34 | I129: 6 | J129: 2 | K129: 0 | L129: 16 | M129: 13
A130: 46076 | B130: QuSpin | C130: weinbe58 | D130: QuSpin | E130: 32 | F130: 6 | G130: 0 | H130: 0 | I130: 0 | J130: 0 | K130: 0 | L130: 0 | M130: 0
A131: 46076 | B131: OpenQL | C131: QCG-OpenQL | D131: OpenQL
A132: 46076 | B132: Pymanopt | C132: pymanopt | D132: pymanopt | E132: 887 | F132: 163 | G132: 56 | H132: 11 | I132: 0 | J132: 0 | K132: 0 | L132: 0 | M132: 0
A133: 46076 | B133: Catalyst | C133: PennyLaneAI | D133: catalyst | E133: 200 | F133: 65 | G133: 245 | H133: 100 | I133: 16 | J133: 19 | K133: 6 | L133: 24 | M133: 5
A134: 46076 | B134: PyQIR | C134: qir-alliance | D134: qsharp-runtime
A135: 46076 | B135: Qiskit Nature | C135: qiskit-community | D135: qiskit-nature | E135: 372 | F135: 231 | G135: 69 | H135: 12 | I135: 0 | J135: 0 | K135: 0 | L135: 1 | M135: 0
A136: 46076 | B136: Qiskit Optimization | C136: qiskit-community | D136: qiskit-optimization | E136: 274 | F136: 146 | G136: 19 | H136: 2 | I136: 0 | J136: 0 | K136: 0 | L136: 0 | M136: 1
A137: 46076 | B137: Qiskit Machine Learning | C137: qiskit-community | D137: qiskit-machine-learning | E137: 945 | F137: 416 | G137: 27 | H137: 5 | I137: 1 | J137: 2 | K137: 6 | L137: 5 | M137: 3
A138: 46076 | B138: Qiskit Experiments | C138: qiskit-community | D138: qiskit-experiments | E138: 189 | F138: 131 | G138: 140 | H138: 31 | I138: 3 | J138: 1 | K138: 1 | L138: 1 | M138: 6
A139: 46076 | B139: Qiskit Aer | C139: qiskit-community | D139: qiskit-aer
A140: 46076 | B140: Qiskit Dynamics | C140: qiskit-community | D140: qiskit-dynamics | E140: 117 | F140: 62 | G140: 27 | H140: 8 | I140: 0 | J140: 0 | K140: 0 | L140: 0 | M140: 1
A141: 46076 | B141: Qiskit Transpiler | C141: qiskit-community | D141: qiskit-transpiler
A142: 46076 | B142: Qiskit Metal | C142: qiskit-community | D142: qiskit-metal | E142: 375 | F142: 249 | G142: 138 | H142: 8 | I142: 0 | J142: 0 | K142: 4 | L142: 3 | M142: 5
A143: 46076 | B143: Mitiq | C143: unitaryfund | D143: mitiq | E143: 416 | F143: 198 | G143: 99 | H143: 7 | I143: 6 | J143: 3 | K143: 11 | L143: 5 | M143: 7
A144: 46076 | B144: Qulacs | C144: qulacs | D144: qulacs | E144: 497 | F144: 135 | G144: 21 | H144: 2 | I144: 0 | J144: 2 | K144: 3 | L144: 4 | M144: 2
A145: 46076 | B145: Qulacs GPU | C145: qulacs | D145: qulacs-gpu
A146: 46076 | B146: Qsimcirq | C146: quantumlib | D146: qsim | E146: 641 | F146: 197 | G146: 53 | H146: 9 | I146: 0 | J146: 3 | K146: 3 | L146: 5 | M146: 1
A147: 46076 | B147: TensorNetwork Library | C147: google | D147: TensorNetwork | E147: 1866 | F147: 363 | G147: 131 | H147: 19 | I147: 0 | J147: 0 | K147: 0 | L147: 0 | M147: 0
A148: 46076 | B148: Quimb | C148: jcmgray | D148: quimb | E148: 608 | F148: 130 | G148: 76 | H148: 3 | I148: 8 | J148: 3 | K148: 0 | L148: 2 | M148: 5
A149: 46076 | B149: QuestPython | C149: qulacs | D149: qulacs
A150: 46076 | B150: FermiLib | C150: quantumlib | D150: FermiLib
A151: 46076 | B151: Qiskit Bot | C151: qiskit-community | D151: qiskit-bot
A152: 46076 | B152: Artiq | C152: m-labs | D152: artiq | E152: 509 | F152: 224 | G152: 213 | H152: 36 | I152: 0 | J152: 0 | K152: 0 | L152: 0 | M152: 0
A153: 46076 | B153: LabRAD | C153: labrad | D153: labrad | E153: 20 | F153: 13 | G153: 9 | H153: 0 | I153: 0 | J153: 0 | K153: 0 | L153: 0 | M153: 0
A154: 46076 | B154: Qcodes | C154: QCoDeS | D154: Qcodes | E154: 418 | F154: 345 | G154: 253 | H154: 55 | I154: 6 | J154: 8 | K154: 2 | L154: 6 | M154: 7
A155: 46076 | B155: QCoDeS Drivers | C155: QcoDeS | D155: Qcodes_drivers
A156: 46076 | B156: OpenPulse Python | C156: qiskit-community | D156: qiskit-pulse
A157: 46076 | B157: QuantumBlackbird | C157: PennyLaneAI | D157: blackbird
A158: 46076 | B158: QuantumImageProcessing | C158: thaonguyenduong | D158: Quantum-Image-Processing
A159: 46076 | B159: Bloqade | C159: QuEraComputing | D159: Bloqade | E159: 40 | F159: 5 | G159: 46 | H159: 2 | I159: 1 | J159: 3 | K159: 0 | L159: 3 | M159: 25
A160: 46076 | B160: PySCF | C160: pyscf | D160: pyscf | E160: 1529 | F160: 671 | G160: 245 | H160: 15 | I160: 15 | J160: 8 | K160: 15 | L160: 15 | M160: 5
A161: 46076 | B161: Yao | C161: QuantumBFS | D161: yao-python | E161: 3 | F161: 1 | G161: 0 | H161: 0 | I161: 0 | J161: 0 | K161: 0 | L161: 0 | M161: 0
A162: 46076 | B162: Tket Python | C162: CQCL | D162: pytket | E162: 333 | F162: 91 | G162: 24 | H162: 9 | I162: 0 | J162: 1 | K162: 0 | L162: 1 | M162: 0
A163: 46076 | B163: Strawberry Fields Plugins | C163: XanaduAI | D163: pennylane-sf | E163: 41 | F163: 20 | G163: 13 | H163: 7 | I163: 0 | J163: 0 | K163: 0 | L163: 0 | M163: 0
A164: 46076 | B164: QGradients | C164: pennylaneai | D164: qgrad
A165: 46076 | B165: QHack Utils | C165: PennyLaneAI | D165: qhack
A166: 46079 | B166: Qiskit Community | C166: Qiskit | D166: qiskit | E166: 7089 | F166: 2772 | G166: 1108 | H166: 100 | I166: 21 | J166: 16 | K166: 37 | L166: 38 | M166: 23
A167: 46079 | B167: Qiskit Community | C167: qiskit-community | D167: qiskit-algorithms | E167: 174 | F167: 75 | G167: 43 | H167: 7 | I167: 0 | J167: 0 | K167: 0 | L167: 2 | M167: 1
A168: 46079 | B168: AWS Braket | C168: amazon-braket | D168: amazon-braket-sdk-python | E168: 357 | F168: 153 | G168: 33 | H168: 12 | I168: 0 | J168: 4 | K168: 6 | L168: 14 | M168: 50
A169: 46079 | B169: qBraid | C169: qBraid | D169: qBraid | E169: 106 | F169: 53 | G169: 42 | H169: 11 | I169: 3 | J169: 3 | K169: 3 | L169: 4 | M169: 11
A170: 46079 | B170: Aqora | C170: aqora-io | D170: q3as-py | E170: 2 | F170: 1 | G170: 0 | H170: 0 | I170: 0 | J170: 0 | K170: 0 | L170: 0 | M170: 0
A171: 46079 | B171: Aqora | C171: aqora-io | D171: cli | E171: 3 | F171: 2 | G171: 6 | H171: 0 | I171: 1 | J171: 2 | K171: 0 | L171: 2 | M171: 0
A172: 46079 | B172: IBM | C172: qiskit | D172: qiskit | E172: 7089 | F172: 2772 | G172: 1108 | H172: 100 | I172: 21 | J172: 16 | K172: 37 | L172: 38 | M172: 23
A173: 46079 | B173: Google | C173: quantumlib | D173: cirq | E173: 4878 | F173: 1182 | G173: 137 | H173: 27 | I173: 11 | J173: 12 | K173: 13 | L173: 21 | M173: 3
A174: 46079 | B174: Xanadu | C174: PennyLaneAI | D174: pennylane | E174: 3085 | F174: 746 | G174: 453 | H174: 100 | I174: 18 | J174: 15 | K174: 18 | L174: 45 | M174: 10
A175: 46079 | B175: Amazon Braket | C175: amazon-braket | D175: amazon-braket-sdk-python | E175: 357 | F175: 153 | G175: 33 | H175: 12 | I175: 0 | J175: 4 | K175: 6 | L175: 14 | M175: 50
A176: 46079 | B176: D-Wave | C176: dwavesystems | D176: dwave-ocean-sdk | E176: 509 | F176: 179 | G176: 29 | H176: 4 | I176: 2 | J176: 5 | K176: 2 | L176: 3 | M176: 6
A177: 46079 | B177: Rigetti | C177: rigetti | D177: pyquil | E177: 1480 | F177: 355 | G177: 239 | H177: 22 | I177: 0 | J177: 0 | K177: 2 | L177: 1 | M177: 13
... A190: 46079 | B190: OpenFermion | C190: quantumlib | D190: OpenFermion-PySCF | E190: 115 | F190: 44 | G190: 12 | H190: 1 | I190: 0 | J190: 0 | K190: 0 | L190: 0 | M190: 0
A191: 46079 | B191: Cirq-Quantum Volume | C191: quantumlib | D191: qdesignoptimizer
A192: 46079 | B192: PennyLaneAI (Lightning) | C192: PennyLaneAI | D192: pennylane-lightning | E192: 133 | F192: 50 | G192: 56 | H192: 32 | I192: 3 | J192: 5 | K192: 2 | L192: 11 | M192: 5
A193: 46079 | B193: SymPy | C193: sympy | D193: sympy | E193: 14426 | F193: 5112 | G193: 5543 | H193: 100 | I193: 36 | J193: 26 | K193: 64 | L193: 154 | M193: 3
A194: 46079 | B194: PyQIR | C194: qir-alliance | D194: pyqir | E194: 72 | F194: 30 | G194: 16 | H194: 1 | I194: 0 | J194: 0 | K194: 1 | L194: 0 | M194: 9
A195: 46079 | B195: Z2Pack | C195: physics-materials | D195: z2pack
A196: 46079 | B196: NetKet | C196: netket | D196: netket | E196: 666 | F196: 211 | G196: 109 | H196: 35 | I196: 15 | J196: 2 | K196: 0 | L196: 16 | M196: 13
A197: 46079 | B197: QuSpin | C197: weinbe58 | D197: QuSpin | E197: 31 | F197: 6 | G197: 0 | H197: 0 | I197: 0 | J197: 0 | K197: 0 | L197: 0 | M197: 0
A198: 46079 | B198: OpenQL | C198: QCG-OpenQL | D198: openql
A199: 46079 | B199: Pymanopt | C199: pymanopt | D199: pymanopt | E199: 887 | F199: 164 | G199: 56 | H199: 11 | I199: 0 | J199: 0 | K199: 0 | L199: 0 | M199: 0
A200: 46079 | B200: Catalyst | C200: PennyLaneAI | D200: catalyst | E200: 200 | F200: 65 | G200: 257 | H200: 100 | I200: 19 | J200: 19 | K200: 7 | L200: 26 | M200: 5
A201: 46079 | B201: Qiskit Community | C201: qiskit-community | D201: qiskit-nature | E201: 372 | F201: 231 | G201: 69 | H201: 12 | I201: 0 | J201: 0 | K201: 0 | L201: 1 | M201: 0
A202: 46079 | B202: Qiskit Community | C202: qiskit-community | D202: qiskit-optimization | E202: 275 | F202: 146 | G202: 20 | H202: 2 | I202: 0 | J202: 0 | K202: 1 | L202: 0 | M202: 1
A203: 46079 | B203: Qiskit Community | C203: qiskit-community | D203: qiskit-machine-learning
A204: 46079 | B204: Qiskit Community | C204: qiskit-community | D204: qiskit-experiments | E204: 189 | F204: 131 | G204: 140 | H204: 31 | I204: 0 | J204: 1 | K204: 1 | L204: 1 | M204: 6
A205: 46079 | B205: Qiskit Community | C205: qiskit-community | D205: qiskit-dynamics | E205: 117 | F205: 62 | G205: 27 | H205: 8 | I205: 0 | J205: 0 | K205: 0 | L205: 0 | M205: 1
A206: 46079 | B206: Qiskit Community | C206: qiskit-community | D206: qiskit-metal | E206: 377 | F206: 249 | G206: 138 | H206: 8 | I206: 0 | J206: 0 | K206: 4 | L206: 3 | M206: 5
A207: 46079 | B207: Mitiq | C207: unitaryfund | D207: mitiq | E207: 417 | F207: 198 | G207: 101 | H207: 9 | I207: 6 | J207: 3 | K207: 11 | L207: 4 | M207: 7
A208: 46079 | B208: Qulacs | C208: qulacs | D208: qulacs | E208: 499 | F208: 135 | G208: 22 | H208: 3 | I208: 0 | J208: 2 | K208: 3 | L208: 5 | M208: 2
A209: 46079 | B209: Qsimcirq | C209: quantumlib | D209: qsim | E209: 642 | F209: 198 | G209: 52 | H209: 8 | I209: 3 | J209: 3 | K209: 4 | L209: 5 | M209: 1
A210: 46079 | B210: TensorNetwork Library | C210: google | D210: TensorNetwork | E210: 1866 | F210: 363 | G210: 131 | H210: 19 | I210: 0 | J210: 0 | K210: 0 | L210: 0 | M210: 0
A211: 46079 | B211: Quimb | C211: jcmgray | D211: quimb
A212: 46079 | B212: FermiLib | C212: quantumlib | D212: FermiLib
A213: 46079 | B213: Artiq | C213: m-labs | D213: artiq | E213: 509 | F213: 224 | G213: 213 | H213: 36 | I213: 0 | J213: 0 | K213: 0 | L213: 0 | M213: 0
A214: 46079 | B214: LabRAD | C214: labrad | D214: labrad | E214: 20 | F214: 13 | G214: 9 | H214: 0 | I214: 0 | J214: 0 | K214: 0 | L214: 0 | M214: 0
A215: 46079 | B215: Qcodes | C215: QCoDeS | D215: Qcodes | E215: 419 | F215: 345 | G215: 251 | H215: 53 | I215: 18 | J215: 7 | K215: 2 | L215: 5 | M215: 8
A216: 46079 | B216: Bloqade | C216: QuEraComputing | D216: Bloqade | E216: 40 | F216: 6 | G216: 47 | H216: 3 | I216: 0 | J216: 3 | K216: 0 | L216: 3 | M216: 25
A217: 46079 | B217: PySCF | C217: pyscf | D217: pyscf | E217: 1531 | F217: 671 | G217: 248 | H217: 17 | I217: 14 | J217: 9 | K217: 16 | L217: 15 | M217: 5
A218: 46079 | B218: Yao | C218: QuantumBFS | D218: yao-python | E218: 3 | F218: 1 | G218: 0 | H218: 0 | I218: 0 | J218: 0 | K218: 0 | L218: 0 | M218: 0
A219: 46079 | B219: Tket Python | C219: CQCL | D219: pytket | E219: 333 | F219: 91 | G219: 24 | H219: 9 | I219: 0 | J219: 1 | K219: 0 | L219: 1 | M219: 0
A220: 46079 | B220: Strawberry Fields Plugins | C220: XanaduAI | D220: pennylane-sf | E220: 41 | F220: 20 | G220: 13 | H220: 7 | I220: 0 | J220: 0 | K220: 0 | L220: 0 | M220: 0
...

Sheet PyPI_Snapshots
A1: Snapshot Date | B1: Company | C1: PyPI Package | D1: Downloads Last Day | E1: Downloads Last Week | F1: Downloads Last Month | G1: Full Last Month | H1: Prev Month | I1: -5 Months Ago | J1: -4 Months Ago2 | K1: -3 Months Ago | L1: -2 Months Ago
A2: 46059 | B2: Qiskit Community | C2: qiskit | D2: 29273 | E2: 186640 | F2: 838665
A3: 46059 | B3: AWS Braket | C3: amazon-braket-sdk | D3: 2487 | E3: 24992 | F3: 80341
A4: 46059 | B4: qBraid | C4: qbraid | D4: 468 | E4: 2750 | F4: 12112
A5: 46059 | B5: Aqora | C5: q3as | D5: 2 | E5: 4 | F5: 47
A6: 46059 | B6: Aqora | C6: aqora-cli | D6: 28 | E6: 1434 | F6: 4237
A7: 46064 | B7: Qiskit Community | C7: qiskit | D7: 35489 | E7: 185867 | F7: 842326
A8: 46064 | B8: AWS Braket | C8: amazon-braket-sdk | D8: 3582 | E8: 19818 | F8: 85718
A9: 46064 | B9: qBraid | C9: qbraid | D9: 785 | E9: 2946 | F9: 12511
A10: 46064 | B10: Aqora | C10: q3as | D10: 2 | E10: 7 | F10: 39
A11: 46064 | B11: Aqora | C11: aqora-cli | D11: 421 | E11: 3675 | F11: 6474
A12: 46064 | B12: Qiskit Community | C12: qiskit | D12: 35489 | E12: 185867 | F12: 842326
A13: 46064 | B13: AWS Braket | C13: amazon-braket-sdk | D13: 3582 | E13: 19818 | F13: 85718
... A16: 46064 | B16: Aqora | C16: aqora-cli | D16: 421 | E16: 3675 | F16: 6474
A17: 46065 | B17: Qiskit Community | C17: qiskit | D17: 33716 | E17: 190925 | F17: 842185 | G17: 10929 | H17: 37121
A18: 46065 | B18: AWS Braket | C18: amazon-braket-sdk
A19: 46065 | B19: qBraid | C19: qbraid | D19: 606 | E19: 3123 | F19: 12696 | G19: 116 | H19: 228
A20: 46065 | B20: Aqora | C20: q3as | D20: 4 | E20: 11 | F20: 42
A21: 46065 | B21: Aqora | C21: aqora-cli | D21: 544 | E21: 4194 | F21: 6970 | G21: 19 | H21: 29
A22: 46065 | B22: Aqora | C22: aqora-cli | D22: 544 | E22: 4194 | F22: 6970 | G22: 19 | H22: 29
A23: 46065 | B23: Qiskit Community | C23: qiskit | D23: 33716 | E23: 190925 | F23: 842185 | G23: 10929 | H23: 37121
A24: 46065 | B24: AWS Braket | C24: amazon-braket-sdk
A25: 46065 | B25: qBraid | C25: qbraid | D25: 606 | E25: 3123 | F25: 12696 | G25: 116 | H25: 228
A26: 46065 | B26: Aqora | C26: q3as | D26: 4 | E26: 11 | F26: 42
A27: 46065 | B27: Aqora | C27: aqora-cli | D27: 544 | E27: 4194 | F27: 6970 | G27: 19 | H27: 29
A28: 46065 | B28: Qiskit Community | C28: qiskit | D28: 33716 | E28: 190925 | F28: 842185 | G28: 796925 | H28: 835508
A29: 46065 | B29: AWS Braket | C29: amazon-braket-sdk | D29: 4778 | E29: 21928 | F29: 88078 | G29: 73130 | H29: 77395
A30: 46065 | B30: qBraid | C30: qbraid | D30: 606 | E30: 3123 | F30: 12696 | G30: 11141 | H30: 8779
A31: 46065 | B31: Aqora | C31: q3as | D31: 4 | E31: 11 | F31: 42 | G31: 44 | H31: 36
A32: 46065 | B32: Aqora | C32: aqora-cli | D32: 544 | E32: 4194 | F32: 6970 | G32: 4700 | H32: 1263
A33: 46065 | B33: Qiskit Community | C33: qiskit | D33: 33716 | E33: 190925 | F33: 842185 | G33: 796925 | H33: 835508
A34: 46065 | B34: AWS Braket | C34: amazon-braket-sdk | D34: 4778 | E34: 21928 | F34: 88078 | G34: 73130 | H34: 77395
A35: 46065 | B35: qBraid | C35: qbraid | D35: 606 | E35: 3123 | F35: 12696 | G35: 11141 | H35: 8779
A36: 46065 | B36: Aqora | C36: q3as | D36: 4 | E36: 11 | F36: 42 | G36: 44 | H36: 36
A37: 46065 | B37: Aqora | C37: aqora-cli | D37: 544 | E37: 4194 | F37: 6970 | G37: 4700 | H37: 1263
A38: 46065 | B38: Qiskit Community | C38: qiskit | D38: 33716 | E38: 190925 | F38: 842185 | G38: 796925 | H38: 835508
... A57: 46065 | B57: Aqora | C57: aqora-cli | D57: 544 | E57: 4194 | F57: 6970 | G57: 4700 | H57: 1263
A58: 46065 | B58: Qiskit Community | C58: qiskit | D58: 33716 | E58: 190925 | F58: 842185 | G58: 796925 | H58: 835508 | I58: 334573
A59: 46065 | B59: AWS Braket | C59: amazon-braket-sdk | D59: 4778 | E59: 21928 | F59: 88078 | G59: 73130 | H59: 77395 | I59: 54286
A60: 46065 | B60: qBraid | C60: qbraid | D60: 606 | E60: 3123 | F60: 12696 | G60: 11141 | H60: 8779 | I60: 5754
A61: 46065 | B61: Aqora | C61: q3as | D61: 4 | E61: 11 | F61: 42 | G61: 44 | H61: 36 | I61: 29
A62: 46065 | B62: Aqora | C62: aqora-cli
A63: 46065 | B63: Qiskit Community | C63: qiskit | D63: 33716 | E63: 190925 | F63: 842185 | G63: 796925 | H63: 835508 | I63: 334573
A64: 46065 | B64: AWS Braket | C64: amazon-braket-sdk | D64: 4778 | E64: 21928 | F64: 88078 | G64: 73130 | H64: 77395 | I64: 54286
A65: 46065 | B65: qBraid | C65: qbraid | D65: 606 | E65: 3123 | F65: 12696 | G65: 11141 | H65: 8779 | I65: 5754
A66: 46065 | B66: Aqora | C66: q3as | D66: 4 | E66: 11 | F66: 42 | G66: 44 | H66: 36 | I66: 29
A67: 46065 | B67: Aqora | C67: aqora-cli | D67: 544 | E67: 4194 | F67: 6970 | G67: 4700 | H67: 1263 | I67: 1826
A68: 46068 | B68: Qiskit Community | C68: qiskit | D68: 24845 | E68: 202664 | F68: 823982 | G68: 796925 | H68: 835508 | I68: 294122 | K68: 855292 | L68: 1179389
A69: 46068 | B69: AWS Braket | C69: amazon-braket-sdk | D69: 3834 | E69: 28856 | F69: 92743 | G69: 73130 | H69: 77395 | I69: 37269 | K69: 172175 | L69: 204916
A70: 46068 | B70: qBraid | C70: qbraid | D70: 937 | E70: 3914 | F70: 12988 | G70: 11141 | H70: 8779 | I70: 5092 | K70: 26980 | L70: 11149
A71: 46068 | B71: Aqora | C71: q3as | D71: 26 | E71: 45 | F71: 57 | G71: 44 | H71: 36 | I71: 29 | K71: 165 | L71: 175
A72: 46068 | B72: Aqora | C72: aqora-cli | D72: 982 | E72: 3591 | F72: 8448 | G72: 4700 | H72: 1263 | I72: 1709 | K72: 3829 | L72: 2932
A73: 46068 | B73: Qiskit Community | C73: qiskit | D73: 24845 | E73: 202664 | F73: 823982 | G73: 796925 | H73: 835508 | I73: 294122 | J73: 855380 | K73: 855292 | L73: 1179389
A74: 46068 | B74: AWS Braket | C74: amazon-braket-sdk | D74: 3834 | E74: 28856 | F74: 92743 | G74: 73130 | H74: 77395 | I74: 37269 | J74: 219410 | K74: 172175 | L74: 204916
A75: 46068 | B75: qBraid | C75: qbraid | D75: 937 | E75: 3914 | F75: 12988 | G75: 11141 | H75: 8779 | I75: 5092 | J75: 11403 | K75: 26980 | L75: 11149
A76: 46068 | B76: Aqora | C76: q3as | D76: 26 | E76: 45 | F76: 57 | G76: 44 | H76: 36 | I76: 29 | J76: 26 | K76: 165 | L76: 175
A77: 46068 | B77: Aqora | C77: aqora-cli | D77: 982 | E77: 3591 | F77: 8448 | G77: 4700 | H77: 1263 | I77: 1709 | J77: 6125 | K77: 3829 | L77: 2932
A78: 46068 | B78: Qiskit Community | C78: qiskit | D78: 24845 | E78: 202664 | F78: 823982 | G78: 796925 | H78: 835508 | I78: 294122 | J78: 855380 | K78: 855292 | L78: 1179389
A79: 46068 | B79: AWS Braket | C79: amazon-braket-sdk | D79: 3834 | E79: 28856 | F79: 92743 | G79: 73130 | H79: 77395 | I79: 37269 | J79: 219410 | K79: 172175 | L79: 204916
A80: 46068 | B80: qBraid | C80: qbraid | D80: 937 | E80: 3914 | F80: 12988 | G80: 11141 | H80: 8779 | I80: 5092 | J80: 11403 | K80: 26980 | L80: 11149
A81: 46068 | B81: Aqora | C81: q3as | D81: 26 | E81: 45 | F81: 57 | G81: 44 | H81: 36 | I81: 29 | J81: 26 | K81: 165 | L81: 175
A82: 46068 | B82: Aqora | C82: aqora-cli | D82: 982 | E82: 3591 | F82: 8448 | G82: 4700 | H82: 1263 | I82: 1709 | J82: 6125 | K82: 3829 | L82: 2932
A83: 46076 | B83: Qiskit Community | C83: qiskit | D83: 18945 | E83: 187044 | F83: 799892 | G83: 796925 | H83: 835508 | I83: 116602 | J83: 855380 | K83: 855292 | L83: 1179389
A84: 46076 | B84: AWS Braket | C84: amazon-braket-sdk | D84: 1578 | E84: 14463 | F84: 90826 | G84: 73130 | H84: 77395 | I84: 12691 | J84: 219410 | K84: 172175 | L84: 204916
... A106: 46076 | B106: OpenFermion | C106: openfermionpyscf | D106: 2181 | E106: 13638 | F106: 57789 | G106: 44914 | H106: 49248 | I106: 6338 | J106: 52755 | K106: 49637 | L106: 67105
A107: 46076 | B107: Cirq-Quantum Volume | C107: qdesign
A108: 46076 | B108: Quantum CSP | C108: quantumcsp
A109: 46076 | B109: PennyLaneAI (Lightning) | C109: pennylane-lightning | D109: 16941 | E109: 114153 | F109: 414418 | G109: 354325 | H109: 477495 | I109: 62402 | J109: 557571 | K109: 524398 | L109: 791025
A110: 46076 | B110: SymPy | C110: SymPy
A111: 46076 | B111: PyQIR | C111: pyqir | D111: 1322 | E111: 12771 | F111: 52291 | G111: 48595 | H111: 40484 | I111: 5516 | J111: 41851 | K111: 49638 | L111: 62327
A112: 46076 | B112: Z2Pack | C112: z2pack | D112: 265 | E112: 424 | F112: 1639 | G112: 1215 | H112: 959 | I112: 53 | J112: 1073 | K112: 1585 | L112: 1640
A113: 46076 | B113: NetKet | C113: netket | D113: 551 | E113: 1448 | F113: 8775 | G113: 11337 | H113: 13030 | I113: 1186 | J113: 12424 | K113: 4948 | L113: 25033
A114: 46076 | B114: QuSpin | C114: quspin | D114: 13 | E114: 324 | F114: 2373 | G114: 1423 | H114: 11606 | I114: 167 | J114: 5080 | K114: 2318 | L114: 8667
A115: 46076 | B115: OpenQL | C115: openql | D115: 2 | E115: 8 | F115: 24 | G115: 25 | H115: 20 | I115: 10 | J115: 196 | K115: 9 | L115: 78
A116: 46076 | B116: Pymanopt | C116: pymanopt | D116: 328 | E116: 2603 | F116: 12562 | G116: 15716 | H116: 19477 | I116: 3482 | J116: 45413 | K116: 21940 | L116: 62420
A117: 46076 | B117: Catalyst | C117: catalyst | D117: 951 | E117: 3614 | F117: 16773 | G117: 34498 | H117: 22011 | I117: 14522 | J117: 54562 | K117: 45179 | L117: 62461
A118: 46076 | B118: PyQIR | C118: pyqir | D118: 1322 | E118: 12771 | F118: 52291 | G118: 48595 | H118: 40484 | I118: 5516 | J118: 41851 | K118: 49638 | L118: 62327
A119: 46076 | B119: Qiskit Nature | C119: qiskit-nature | D119: 1626 | E119: 9158 | F119: 43870 | G119: 34533 | H119: 37938 | I119: 3036 | J119: 36909 | K119: 28282 | L119: 63271
A120: 46076 | B120: Qiskit Optimization | C120: qiskit-optimization | D120: 1127 | E120: 6500 | F120: 23473 | G120: 20743 | H120: 34171 | I120: 6264 | J120: 37790 | K120: 32667 | L120: 50119
A121: 46076 | B121: Qiskit Machine Learning | C121: qiskit-machine-learning | D121: 1259 | E121: 8545 | F121: 33889 | G121: 33674 | H121: 57925 | I121: 7405 | J121: 51936 | K121: 49779 | L121: 68362
A122: 46076 | B122: Qiskit Experiments | C122: qiskit-experiments | D122: 1346 | E122: 15743 | F122: 58093 | G122: 43781 | H122: 48347 | I122: 5825 | J122: 52981 | K122: 63040 | L122: 87784
... A124: 46076 | B124: Qiskit Dynamics | C124: qiskit-dynamics | D124: 65 | E124: 576 | F124: 1631 | G124: 1691 | H124: 7150 | I124: 384 | J124: 8975 | K124: 9254 | L124: 21710
A125: 46076 | B125: Qiskit Transpiler | C125: qiskit-transpiler
A126: 46076 | B126: Qiskit Metal | C126: qiskit-metal | D126: 15 | E126: 207 | F126: 675 | G126: 564 | H126: 669 | I126: 108 | J126: 2605 | K126: 1415 | L126: 6268
A127: 46076 | B127: Mitiq | C127: mitiq | D127: 248 | E127: 1983 | F127: 12731 | G127: 17091 | H127: 15491 | I127: 1129 | J127: 16248 | K127: 9035 | L127: 13591
A128: 46076 | B128: Qulacs | C128: qulacs | D128: 378 | E128: 7146 | F128: 27786 | G128: 28684 | H128: 26173 | I128: 3697 | J128: 42053 | K128: 38057 | L128: 61881
A129: 46076 | B129: Qulacs GPU | C129: qulacs-gpu | D129: 0 | E129: 12 | F129: 102 | G129: 135 | H129: 110 | I129: 4 | J129: 216 | K129: 119 | L129: 151
A130: 46076 | B130: Qsimcirq | C130: qsimcirq | D130: 114 | E130: 1765 | F130: 8571 | G130: 9259 | H130: 8127 | I130: 1105 | J130: 15734 | K130: 18700 | L130: 27004
A131: 46076 | B131: TensorNetwork Library | C131: tensornetwork | D131: 511 | E131: 4656 | F131: 24029 | G131: 25086 | H131: 23902 | I131: 6152 | J131: 49580 | K131: 38711 | L131: 60183
A132: 46076 | B132: Quimb | C132: quimb | D132: 1664 | E132: 24007 | F132: 114371 | G132: 159109 | H132: 123896 | I132: 9916 | J132: 113035 | K132: 99881 | L132: 119201
A133: 46076 | B133: QuestPython | C133: qulacs-quest
A134: 46076 | B134: FermiLib | C134: fermilib | D134: 1 | E134: 2 | F134: 21 | G134: 26 | H134: 65 | I134: 12 | J134: 55 | K134: 39 | L134: 41
A135: 46076 | B135: Qiskit Bot | C135: qiskit-bot
A136: 46076 | B136: Artiq | C136: artiq
A137: 46076 | B137: LabRAD | C137: labrad
A138: 46076 | B138: Qcodes | C138: qcodes | D138: 7228 | E138: 29229 | F138: 117168 | G138: 102604 | H138: 81634 | I138: 14331 | J138: 124407 | K138: 98279 | L138: 142858
A139: 46076 | B139: QCoDeS Drivers | C139: qcodes-drivers
A140: 46076 | B140: OpenPulse Python | C140: qiskit-pulse
A141: 46076 | B141: QuantumBlackbird | C141: blackbird | D141: 27 | E141: 76 | F141: 281 | G141: 298 | H141: 197 | I141: 28 | J141: 331 | K141: 224 | L141: 492
A142: 46076 | B142: QuantumImageProcessing | C142: quantumimageprocessing
...

Sheet Trends_Snapshots
A1: Snapshot Date | B1: Company | C1: Trend Keyword | D1: Trends Index (0-100) | E1: Method | F1: Geo | G1: Timeframe | H1: Est Monthly Searches
A2: 46059 | B2: Qiskit Community | C2: qiskit | E2: weekly_avg | G2: today 12-m
A3: 46059 | B3: Qiskit Community | C3: qiskit | E3: weekly_avg | G3: today 12-m
A4: 46059 | B4: AWS Braket | C4: amazon braket | E4: weekly_avg | G4: today 12-m
A5: 46059 | B5: qBraid | C5: qbraid | E5: weekly_avg | G5: today 12-m
A6: 46059 | B6: Aqora | C6: aqora | E6: weekly_avg | G6: today 12-m
A7: 46059 | B7: Aqora | C7: aqora | E7: weekly_avg | G7: today 12-m
A8: 46064 | B8: Qiskit Community | C8: qiskit | D8: 38 | E8: weekly_avg | G8: today 12-m
A9: 46064 | B9: Qiskit Community | C9: qiskit | D9: 38 | E9: weekly_avg | G9: today 12-m
A10: 46064 | B10: AWS Braket | C10: amazon braket | D10: 2 | E10: weekly_avg | G10: today 12-m
A11: 46064 | B11: qBraid | C11: qbraid | D11: 0 | E11: weekly_avg | G11: today 12-m
A12: 46064 | B12: Aqora | C12: aqora | D12: 0 | E12: weekly_avg | G12: today 12-m
A13: 46064 | B13: Aqora | C13: aqora | D13: 0 | E13: weekly_avg | G13: today 12-m
A14: 46064 | B14: Qiskit Community | C14: qiskit | D14: 38 | E14: weekly_avg | G14: today 12-m
A15: 46064 | B15: Qiskit Community | C15: qiskit | D15: 38 | E15: weekly_avg | G15: today 12-m
A16: 46064 | B16: AWS Braket | C16: amazon braket | D16: 2 | E16: weekly_avg | G16: today 12-m
A17: 46064 | B17: qBraid | C17: qbraid | D17: 0 | E17: weekly_avg | G17: today 12-m
A18: 46064 | B18: Aqora | C18: aqora | D18: 0 | E18: weekly_avg | G18: today 12-m
A19: 46064 | B19: Aqora | C19: aqora | D19: 0 | E19: weekly_avg | G19: today 12-m
... A97: 46068 | B97: Aqora | C97: aqora | D97: 0 | E97: weekly_avg | G97: today 12-m
A98: 46076 | B98: Qiskit Community | C98: qiskit | E98: weekly_avg | G98: today 12-m
A99: 46076 | B99: Qiskit Community | C99: qiskit | E99: weekly_avg | G99: today 12-m
A100: 46076 | B100: AWS Braket | C100: amazon braket | E100: weekly_avg | G100: today 12-m
A101: 46076 | B101: qBraid | C101: qbraid | E101: weekly_avg | G101: today 12-m
A102: 46076 | B102: Aqora | C102: aqora | E102: weekly_avg | G102: today 12-m
A103: 46076 | B103: Aqora | C103: aqora | E103: weekly_avg | G103: today 12-m
A104: 46076 | B104: IBM | C104: qiskit | E104: weekly_avg | G104: today 12-m
A105: 46076 | B105: Google | C105: cirq | E105: weekly_avg | G105: today 12-m
A106: 46076 | B106: Xanadu | C106: pennylane | E106: weekly_avg | G106: today 12-m
A107: 46076 | B107: Amazon Braket | C107: amazon braket | E107: weekly_avg | G107: today 12-m
A108: 46076 | B108: D-Wave | C108: dwave ocean | E108: weekly_avg | G108: today 12-m
A109: 46076 | B109: Rigetti | C109: pyquil | E109: weekly_avg | G109: today 12-m
... A752: 46125 | B752: QGradients | C752: qgrad | E752: weekly_avg | G752: today 12-m

Sheet Graph Data
A1: Company | B1: PyPI Downloads (last month) | C1: PyPI Downloads (Prev Month) | D1: PyPI Downloads (Six Months Ago) | E1: PyPI Downloads (Five Months Ago) | F1: PyPI Downloads (Four Months Ago) | G1: PyPI Downloads (Three Months Ago) | H1: T-6 | I1: T-5 | J1: T-4 | K1: T-3 | L1: T-2 | M1: T-1
A2: {=IFERROR( _xlfn.LET( _xlpm.filtered, _xlfn.UNIQUE(_xlfn._xlws.FILTER(Config!$A$1:$A$498, Config!$G$1:$G$498="Y")), INDEX(_xlpm.filtered, ROW()-ROW($A$2)+1) ), "" )} | B2: {=_xlfn.LET( _xlpm.c,$A2, _xlpm.d,_xlfn.MAXIFS(PyPISnapshots[Snapshot Date],PyPISnapshots[Company],_xlpm.c), _xlpm.pkgs,_xlfn.UNIQUE(_xlfn._xlws.FILTER(PyPISnapshots[PyPI Package], (PyPISnapshots[Company]=_xlpm.c)*(PyPISnapshots[Snapshot Date]=_xlpm.d))), IFERROR( SUM( _xlfn.MAP(_xlpm.pkgs, _xlfn.LAMBDA(_xlpm.p, _xlfn.MAXIFS(PyPISnapshots[Downloads Last Month], PyPISnapshots[Company],_xlpm.c, PyPISnapshots[Snapshot Date],_xlpm.d, PyPISnapshots[PyPI Package],_xlpm.p) ))), "" ) )} | C2: {=_xlfn.LET( _xlpm.c,$A2, _xlpm.d,_xlfn.MAXIFS(PyPISnapshots[Snapshot Date],PyPISnapshots[Company],_xlpm.c), _xlpm.pkgs,_xlfn.UNIQUE(_xlfn._xlws.FILTER(PyPISnapshots[PyPI Package], (PyPISnapshots[Company]=_xlpm.c)*(PyPISnapshots[Snapshot Date]=_xlpm.d))), IFERROR( SUM( _xlfn.MAP(_xlpm.pkgs, _xlfn.LAMBDA(_xlpm.p, _xlfn.MAXIFS(PyPISnapshots[Prev Month], PyPISnapshots[Company],_xlpm.c, PyPISnapshots[Snapshot Date],_xlpm.d, PyPISnapshots[PyPI Package],_xlpm.p) ))), "" ) )} | D2: {=_xlfn.LET( _xlpm.c,$A2, _xlpm.d,_xlfn.MAXIFS(PyPISnapshots[Snapshot Date],PyPISnapshots[Company],_xlpm.c), _xlpm.pkgs,_xlfn.UNIQUE(_xlfn._xlws.FILTER(PyPISnapshots[PyPI Package], (PyPISnapshots[Company]=_xlpm.c)*(PyPISnapshots[Snapshot Date]=_xlpm.d))), IFERROR( SUM( _xlfn.MAP(_xlpm.pkgs, _xlfn.LAMBDA(_xlpm.p, _xlfn.MAXIFS(PyPISnapshots[-5 Months Ago], PyPISnapshots[Company],_xlpm.c, PyPISnapshots[Snapshot Date],_xlpm.d, PyPISnapshots[PyPI Package],_xlpm.p) ))), "" ) )} | E2: {=_xlfn.LET( _xlpm.c,$A2, _xlpm.d,_xlfn.MAXIFS(PyPISnapshots[Snapshot Date],PyPISnapshots[Company],_xlpm.c), _xlpm.pkgs,_xlfn.UNIQUE(_xlfn._xlws.FILTER(PyPISnapshots[PyPI Package], (PyPISnapshots[Company]=_xlpm.c)*(PyPISnapshots[Snapshot Date]=_xlpm.d))), IFERROR( SUM( _xlfn.MAP(_xlpm.pkgs, _xlfn.LAMBDA(_xlpm.p, _xlfn.MAXIFS(PyPISnapshots[-4 Months Ago2], PyPISnapshots[Company],_xlpm.c, PyPISnapshots[Snapshot Date],_xlpm.d, PyPISnapshots[PyPI Package],_xlpm.p) ))), "" ) )} | F2: {=_xlfn.LET( _xlpm.c,$A2, _xlpm.d,_xlfn.MAXIFS(PyPISnapshots[Snapshot Date],PyPISnapshots[Company],_xlpm.c), _xlpm.pkgs,_xlfn.UNIQUE(_xlfn._xlws.FILTER(PyPISnapshots[PyPI Package], (PyPISnapshots[Company]=_xlpm.c)*(PyPISnapshots[Snapshot Date]=_xlpm.d))), IFERROR( SUM( _xlfn.MAP(_xlpm.pkgs, _xlfn.LAMBDA(_xlpm.p, _xlfn.MAXIFS(PyPISnapshots[-3 Months Ago], PyPISnapshots[Company],_xlpm.c, PyPISnapshots[Snapshot Date],_xlpm.d, PyPISnapshots[PyPI Package],_xlpm.p) ))), "" ) )} | G2: {=_xlfn.LET( _xlpm.c,$A2, _xlpm.d,_xlfn.MAXIFS(PyPISnapshots[Snapshot Date],PyPISnapshots[Company],_xlpm.c), _xlpm.pkgs,_xlfn.UNIQUE(_xlfn._xlws.FILTER(PyPISnapshots[PyPI Package], (PyPISnapshots[Company]=_xlpm.c)*(PyPISnapshots[Snapshot Date]=_xlpm.d))), IFERROR( SUM( _xlfn.MAP(_xlpm.pkgs, _xlfn.LAMBDA(_xlpm.p, _xlfn.MAXIFS(PyPISnapshots[-2 Months Ago], PyPISnapshots[Company],_xlpm.c, PyPISnapshots[Snapshot Date],_xlpm.d, PyPISnapshots[PyPI Package],_xlpm.p) ))), "" ) )} | H2: =ProxyCalc7[[#This Row],[PyPI Downloads (Six Months Ago)]]/ProxyCalc7[[#This Row],[PyPI Downloads (Six Months Ago)]] | I2: =ProxyCalc7[[#This Row],[PyPI Downloads (Five Months Ago)]]/ProxyCalc7[[#This Row],[PyPI Downloads (Six Months Ago)]] | J2: =ProxyCalc7[[#This Row],[PyPI Downloads (Four Months Ago)]]/ProxyCalc7[[#This Row],[PyPI Downloads (Six Months Ago)]] | K2: =ProxyCalc7[[#This Row],[PyPI Downloads (Three Months Ago)]]/ProxyCalc7[[#This Row],[PyPI Downloads (Six Months Ago)]] | L2: =ProxyCalc7[[#This Row],[PyPI Downloads (Prev Month)]]/ProxyCalc7[[#This Row],[PyPI Downloads (Six Months Ago)]] | M2: =ProxyCalc7[[#This Row],[PyPI Downloads (last month)]]/ProxyCalc7[[#This Row],[PyPI Downloads (Six Months Ago)]]
A3: {=IFERROR( _xlfn.LET( _xlpm.filtered, _xlfn.UNIQUE(_xlfn._xlws.FILTER(Config!$A$1:$A$498, Config!$G$1:$G$498="Y")), INDEX(_xlpm.filtered, ROW()-ROW($A$2)+1) ), "" )} | B3: {=_xlfn.LET( _xlpm.c,$A3, _xlpm.d,_xlfn.MAXIFS(PyPISnapshots[Snapshot Date],PyPISnapshots[Company],_xlpm.c), _xlpm.pkgs,_xlfn.UNIQUE(_xlfn._xlws.FILTER(PyPISnapshots[PyPI Package], (PyPISnapshots[Company]=_xlpm.c)*(PyPISnapshots[Snapshot Date]=_xlpm.d))), IFERROR( SUM( _xlfn.MAP(_xlpm.pkgs, _xlfn.LAMBDA(_xlpm.p, _xlfn.MAXIFS(PyPISnapshots[Downloads Last Month], PyPISnapshots[Company],_xlpm.c, PyPISnapshots[Snapshot Date],_xlpm.d, PyPISnapshots[PyPI Package],_xlpm.p) ))), "" ) )} | C3: {=_xlfn.LET( _xlpm.c,$A3, _xlpm.d,_xlfn.MAXIFS(PyPISnapshots[Snapshot Date],PyPISnapshots[Company],_xlpm.c), _xlpm.pkgs,_xlfn.UNIQUE(_xlfn._xlws.FILTER(PyPISnapshots[PyPI Package], (PyPISnapshots[Company]=_xlpm.c)*(PyPISnapshots[Snapshot Date]=_xlpm.d))), IFERROR( SUM( _xlfn.MAP(_xlpm.pkgs, _xlfn.LAMBDA(_xlpm.p, _xlfn.MAXIFS(PyPISnapshots[Prev Month], PyPISnapshots[Company],_xlpm.c, PyPISnapshots[Snapshot Date],_xlpm.d, PyPISnapshots[PyPI Package],_xlpm.p) ))), "" ) )} | D3: {=_xlfn.LET( _xlpm.c,$A3, _xlpm.d,_xlfn.MAXIFS(PyPISnapshots[Snapshot Date],PyPISnapshots[Company],_xlpm.c), _xlpm.pkgs,_xlfn.UNIQUE(_xlfn._xlws.FILTER(PyPISnapshots[PyPI Package], (PyPISnapshots[Company]=_xlpm.c)*(PyPISnapshots[Snapshot Date]=_xlpm.d))), IFERROR( SUM( _xlfn.MAP(_xlpm.pkgs, _xlfn.LAMBDA(_xlpm.p, _xlfn.MAXIFS(PyPISnapshots[-5 Months Ago], PyPISnapshots[Company],_xlpm.c, PyPISnapshots[Snapshot Date],_xlpm.d, PyPISnapshots[PyPI Package],_xlpm.p) ))), "" ) )} | E3: {=_xlfn.LET( _xlpm.c,$A3, _xlpm.d,_xlfn.MAXIFS(PyPISnapshots[Snapshot Date],PyPISnapshots[Company],_xlpm.c), _xlpm.pkgs,_xlfn.UNIQUE(_xlfn._xlws.FILTER(PyPISnapshots[PyPI Package], (PyPISnapshots[Company]=_xlpm.c)*(PyPISnapshots[Snapshot Date]=_xlpm.d))), IFERROR( SUM( _xlfn.MAP(_xlpm.pkgs, _xlfn.LAMBDA(_xlpm.p, _xlfn.MAXIFS(PyPISnapshots[-4 Months Ago2], PyPISnapshots[Company],_xlpm.c, PyPISnapshots[Snapshot Date],_xlpm.d, PyPISnapshots[PyPI Package],_xlpm.p) ))), "" ) )} | F3: {=_xlfn.LET( _xlpm.c,$A3, _xlpm.d,_xlfn.MAXIFS(PyPISnapshots[Snapshot Date],PyPISnapshots[Company],_xlpm.c), _xlpm.pkgs,_xlfn.UNIQUE(_xlfn._xlws.FILTER(PyPISnapshots[PyPI Package], (PyPISnapshots[Company]=_xlpm.c)*(PyPISnapshots[Snapshot Date]=_xlpm.d))), IFERROR( SUM( _xlfn.MAP(_xlpm.pkgs, _xlfn.LAMBDA(_xlpm.p, _xlfn.MAXIFS(PyPISnapshots[-3 Months Ago], PyPISnapshots[Company],_xlpm.c, PyPISnapshots[Snapshot Date],_xlpm.d, PyPISnapshots[PyPI Package],_xlpm.p) ))), "" ) )} | G3: {=_xlfn.LET( _xlpm.c,$A3, _xlpm.d,_xlfn.MAXIFS(PyPISnapshots[Snapshot Date],PyPISnapshots[Company],_xlpm.c), _xlpm.pkgs,_xlfn.UNIQUE(_xlfn._xlws.FILTER(PyPISnapshots[PyPI Package], (PyPISnapshots[Company]=_xlpm.c)*(PyPISnapshots[Snapshot Date]=_xlpm.d))), IFERROR( SUM( _xlfn.MAP(_xlpm.pkgs, _xlfn.LAMBDA(_xlpm.p, _xlfn.MAXIFS(PyPISnapshots[-2 Months Ago], PyPISnapshots[Company],_xlpm.c, PyPISnapshots[Snapshot Date],_xlpm.d, PyPISnapshots[PyPI Package],_xlpm.p) ))), "" ) )} | H3: =ProxyCalc7[[#This Row],[PyPI Downloads (Six Months Ago)]]/ProxyCalc7[[#This Row],[PyPI Downloads (Six Months Ago)]] | I3: =ProxyCalc7[[#This Row],[PyPI Downloads (Five Months Ago)]]/ProxyCalc7[[#This Row],[PyPI Downloads (Six Months Ago)]] | J3: =ProxyCalc7[[#This Row],[PyPI Downloads (Four Months Ago)]]/ProxyCalc7[[#This Row],[PyPI Downloads (Six Months Ago)]] | K3: =ProxyCalc7[[#This Row],[PyPI Downloads (Three Months Ago)]]/ProxyCalc7[[#This Row],[PyPI Downloads (Six Months Ago)]] | L3: =ProxyCalc7[[#This Row],[PyPI Downloads (Prev Month)]]/ProxyCalc7[[#This Row],[PyPI Downloads (Six Months Ago)]] | M3: =ProxyCalc7[[#This Row],[PyPI Downloads (last month)]]/ProxyCalc7[[#This Row],[PyPI Downloads (Six Months Ago)]]
A4: {=IFERROR( _xlfn.LET( _xlpm.filtered, _xlfn.UNIQUE(_xlfn._xlws.FILTER(Config!$A$1:$A$498, Config!$G$1:$G$498="Y")), INDEX(_xlpm.filtered, ROW()-ROW($A$2)+1) ), "" )} | B4: {=_xlfn.LET( _xlpm.c,$A4, _xlpm.d,_xlfn.MAXIFS(PyPISnapshots[Snapshot Date],PyPISnapshots[Company],_xlpm.c), _xlpm.pkgs,_xlfn.UNIQUE(_xlfn._xlws.FILTER(PyPISnapshots[PyPI Package], (PyPISnapshots[Company]=_xlpm.c)*(PyPISnapshots[Snapshot Date]=_xlpm.d))), IFERROR( SUM( _xlfn.MAP(_xlpm.pkgs, _xlfn.LAMBDA(_xlpm.p, _xlfn.MAXIFS(PyPISnapshots[Downloads Last Month], PyPISnapshots[Company],_xlpm.c, PyPISnapshots[Snapshot Date],_xlpm.d, PyPISnapshots[PyPI Package],_xlpm.p) ))), "" ) )} | C4: {=_xlfn.LET( _xlpm.c,$A4, _xlpm.d,_xlfn.MAXIFS(PyPISnapshots[Snapshot Date],PyPISnapshots[Company],_xlpm.c), _xlpm.pkgs,_xlfn.UNIQUE(_xlfn._xlws.FILTER(PyPISnapshots[PyPI Package], (PyPISnapshots[Company]=_xlpm.c)*(PyPISnapshots[Snapshot Date]=_xlpm.d))), IFERROR( SUM( _xlfn.MAP(_xlpm.pkgs, _xlfn.LAMBDA(_xlpm.p, _xlfn.MAXIFS(PyPISnapshots[Prev Month], PyPISnapshots[Company],_xlpm.c, PyPISnapshots[Snapshot Date],_xlpm.d, PyPISnapshots[PyPI Package],_xlpm.p) ))), "" ) )} | D4: {=_xlfn.LET( _xlpm.c,$A4, _xlpm.d,_xlfn.MAXIFS(PyPISnapshots[Snapshot Date],PyPISnapshots[Company],_xlpm.c), _xlpm.pkgs,_xlfn.UNIQUE(_xlfn._xlws.FILTER(PyPISnapshots[PyPI Package], (PyPISnapshots[Company]=_xlpm.c)*(PyPISnapshots[Snapshot Date]=_xlpm.d))), IFERROR( SUM( _xlfn.MAP(_xlpm.pkgs, _xlfn.LAMBDA(_xlpm.p, _xlfn.MAXIFS(PyPISnapshots[-5 Months Ago], PyPISnapshots[Company],_xlpm.c, PyPISnapshots[Snapshot Date],_xlpm.d, PyPISnapshots[PyPI Package],_xlpm.p) ))), "" ) )} | E4: {=_xlfn.LET( _xlpm.c,$A4, _xlpm.d,_xlfn.MAXIFS(PyPISnapshots[Snapshot Date],PyPISnapshots[Company],_xlpm.c), _xlpm.pkgs,_xlfn.UNIQUE(_xlfn._xlws.FILTER(PyPISnapshots[PyPI Package], (PyPISnapshots[Company]=_xlpm.c)*(PyPISnapshots[Snapshot Date]=_xlpm.d))), IFERROR( SUM( _xlfn.MAP(_xlpm.pkgs, _xlfn.LAMBDA(_xlpm.p, _xlfn.MAXIFS(PyPISnapshots[-4 Months Ago2], PyPISnapshots[Company],_xlpm.c, PyPISnapshots[Snapshot Date],_xlpm.d, PyPISnapshots[PyPI Package],_xlpm.p) ))), "" ) )} | F4: {=_xlfn.LET( _xlpm.c,$A4, _xlpm.d,_xlfn.MAXIFS(PyPISnapshots[Snapshot Date],PyPISnapshots[Company],_xlpm.c), _xlpm.pkgs,_xlfn.UNIQUE(_xlfn._xlws.FILTER(PyPISnapshots[PyPI Package], (PyPISnapshots[Company]=_xlpm.c)*(PyPISnapshots[Snapshot Date]=_xlpm.d))), IFERROR( SUM( _xlfn.MAP(_xlpm.pkgs, _xlfn.LAMBDA(_xlpm.p, _xlfn.MAXIFS(PyPISnapshots[-3 Months Ago], PyPISnapshots[Company],_xlpm.c, PyPISnapshots[Snapshot Date],_xlpm.d, PyPISnapshots[PyPI Package],_xlpm.p) ))), "" ) )} | G4: {=_xlfn.LET( _xlpm.c,$A4, _xlpm.d,_xlfn.MAXIFS(PyPISnapshots[Snapshot Date],PyPISnapshots[Company],_xlpm.c), _xlpm.pkgs,_xlfn.UNIQUE(_xlfn._xlws.FILTER(PyPISnapshots[PyPI Package], (PyPISnapshots[Company]=_xlpm.c)*(PyPISnapshots[Snapshot Date]=_xlpm.d))), IFERROR( SUM( _xlfn.MAP(_xlpm.pkgs, _xlfn.LAMBDA(_xlpm.p, _xlfn.MAXIFS(PyPISnapshots[-2 Months Ago], PyPISnapshots[Company],_xlpm.c, PyPISnapshots[Snapshot Date],_xlpm.d, PyPISnapshots[PyPI Package],_xlpm.p) ))), "" ) )} | H4: =ProxyCalc7[[#This Row],[PyPI Downloads (Six Months Ago)]]/ProxyCalc7[[#This Row],[PyPI Downloads (Six Months Ago)]] | I4: =ProxyCalc7[[#This Row],[PyPI Downloads (Five Months Ago)]]/ProxyCalc7[[#This Row],[PyPI Downloads (Six Months Ago)]] | J4: =ProxyCalc7[[#This Row],[PyPI Downloads (Four Months Ago)]]/ProxyCalc7[[#This Row],[PyPI Downloads (Six Months Ago)]] | K4: =ProxyCalc7[[#This Row],[PyPI Downloads (Three Months Ago)]]/ProxyCalc7[[#This Row],[PyPI Downloads (Six Months Ago)]] | L4: =ProxyCalc7[[#This Row],[PyPI Downloads (Prev Month)]]/ProxyCalc7[[#This Row],[PyPI Downloads (Six Months Ago)]] | M4: =ProxyCalc7[[#This Row],[PyPI Downloads (last month)]]/ProxyCalc7[[#This Row],[PyPI Downloads (Six Months Ago)]]
A5: {=IFERROR( _xlfn.LET( _xlpm.filtered, _xlfn.UNIQUE(_xlfn._xlws.FILTER(Config!$A$1:$A$498, Config!$G$1:$G$498="Y")), INDEX(_xlpm.filtered, ROW()-ROW($A$2)+1) ), "" )} | B5: {=_xlfn.LET( _xlpm.c,$A5, _xlpm.d,_xlfn.MAXIFS(PyPISnapshots[Snapshot Date],PyPISnapshots[Company],_xlpm.c), _xlpm.pkgs,_xlfn.UNIQUE(_xlfn._xlws.FILTER(PyPISnapshots[PyPI Package], (PyPISnapshots[Company]=_xlpm.c)*(PyPISnapshots[Snapshot Date]=_xlpm.d))), IFERROR( SUM( _xlfn.MAP(_xlpm.pkgs, _xlfn.LAMBDA(_xlpm.p, _xlfn.MAXIFS(PyPISnapshots[Downloads Last Month], PyPISnapshots[Company],_xlpm.c, PyPISnapshots[Snapshot Date],_xlpm.d, PyPISnapshots[PyPI Package],_xlpm.p) ))), "" ) )} | C5: {=_xlfn.LET( _xlpm.c,$A5, _xlpm.d,_xlfn.MAXIFS(PyPISnapshots[Snapshot Date],PyPISnapshots[Company],_xlpm.c), _xlpm.pkgs,_xlfn.UNIQUE(_xlfn._xlws.FILTER(PyPISnapshots[PyPI Package], (PyPISnapshots[Company]=_xlpm.c)*(PyPISnapshots[Snapshot Date]=_xlpm.d))), IFERROR( SUM( _xlfn.MAP(_xlpm.pkgs, _xlfn.LAMBDA(_xlpm.p, _xlfn.MAXIFS(PyPISnapshots[Prev Month], PyPISnapshots[Company],_xlpm.c, PyPISnapshots[Snapshot Date],_xlpm.d, PyPISnapshots[PyPI Package],_xlpm.p) ))), "" ) )} | D5: {=_xlfn.LET( _xlpm.c,$A5, _xlpm.d,_xlfn.MAXIFS(PyPISnapshots[Snapshot Date],PyPISnapshots[Company],_xlpm.c), _xlpm.pkgs,_xlfn.UNIQUE(_xlfn._xlws.FILTER(PyPISnapshots[PyPI Package], (PyPISnapshots[Company]=_xlpm.c)*(PyPISnapshots[Snapshot Date]=_xlpm.d))), IFERROR( SUM( _xlfn.MAP(_xlpm.pkgs, _xlfn.LAMBDA(_xlpm.p, _xlfn.MAXIFS(PyPISnapshots[-5 Months Ago], PyPISnapshots[Company],_xlpm.c, PyPISnapshots[Snapshot Date],_xlpm.d, PyPISnapshots[PyPI Package],_xlpm.p) ))), "" ) )} | E5: {=_xlfn.LET( _xlpm.c,$A5, _xlpm.d,_xlfn.MAXIFS(PyPISnapshots[Snapshot Date],PyPISnapshots[Company],_xlpm.c), _xlpm.pkgs,_xlfn.UNIQUE(_xlfn._xlws.FILTER(PyPISnapshots[PyPI Package], (PyPISnapshots[Company]=_xlpm.c)*(PyPISnapshots[Snapshot Date]=_xlpm.d))), IFERROR( SUM( _xlfn.MAP(_xlpm.pkgs, _xlfn.LAMBDA(_xlpm.p, _xlfn.MAXIFS(PyPISnapshots[-4 Months Ago2], PyPISnapshots[Company],_xlpm.c, PyPISnapshots[Snapshot Date],_xlpm.d, PyPISnapshots[PyPI Package],_xlpm.p) ))), "" ) )} | F5: {=_xlfn.LET( _xlpm.c,$A5, _xlpm.d,_xlfn.MAXIFS(PyPISnapshots[Snapshot Date],PyPISnapshots[Company],_xlpm.c), _xlpm.pkgs,_xlfn.UNIQUE(_xlfn._xlws.FILTER(PyPISnapshots[PyPI Package], (PyPISnapshots[Company]=_xlpm.c)*(PyPISnapshots[Snapshot Date]=_xlpm.d))), IFERROR( SUM( _xlfn.MAP(_xlpm.pkgs, _xlfn.LAMBDA(_xlpm.p, _xlfn.MAXIFS(PyPISnapshots[-3 Months Ago], PyPISnapshots[Company],_xlpm.c, PyPISnapshots[Snapshot Date],_xlpm.d, PyPISnapshots[PyPI Package],_xlpm.p) ))), "" ) )} | G5: {=_xlfn.LET( _xlpm.c,$A5, _xlpm.d,_xlfn.MAXIFS(PyPISnapshots[Snapshot Date],PyPISnapshots[Company],_xlpm.c), _xlpm.pkgs,_xlfn.UNIQUE(_xlfn._xlws.FILTER(PyPISnapshots[PyPI Package], (PyPISnapshots[Company]=_xlpm.c)*(PyPISnapshots[Snapshot Date]=_xlpm.d))), IFERROR( SUM( _xlfn.MAP(_xlpm.pkgs, _xlfn.LAMBDA(_xlpm.p, _xlfn.MAXIFS(PyPISnapshots[-2 Months Ago], PyPISnapshots[Company],_xlpm.c, PyPISnapshots[Snapshot Date],_xlpm.d, PyPISnapshots[PyPI Package],_xlpm.p) ))), "" ) )} | H5: =ProxyCalc7[[#This Row],[PyPI Downloads (Six Months Ago)]]/ProxyCalc7[[#This Row],[PyPI Downloads (Six Months Ago)]] | I5: =ProxyCalc7[[#This Row],[PyPI Downloads (Five Months Ago)]]/ProxyCalc7[[#This Row],[PyPI Downloads (Six Months Ago)]] | J5: =ProxyCalc7[[#This Row],[PyPI Downloads (Four Months Ago)]]/ProxyCalc7[[#This Row],[PyPI Downloads (Six Months Ago)]] | K5: =ProxyCalc7[[#This Row],[PyPI Downloads (Three Months Ago)]]/ProxyCalc7[[#This Row],[PyPI Downloads (Six Months Ago)]] | L5: =ProxyCalc7[[#This Row],[PyPI Downloads (Prev Month)]]/ProxyCalc7[[#This Row],[PyPI Downloads (Six Months Ago)]] | M5: =ProxyCalc7[[#This Row],[PyPI Downloads (last month)]]/ProxyCalc7[[#This Row],[PyPI Downloads (Six Months Ago)]]
A6: {=IFERROR( _xlfn.LET( _xlpm.filtered, _xlfn.UNIQUE(_xlfn._xlws.FILTER(Config!$A$1:$A$498, Config!$G$1:$G$498="Y")), INDEX(_xlpm.filtered, ROW()-ROW($A$2)+1) ), "" )} | B6: {=_xlfn.LET( _xlpm.c,$A6, _xlpm.d,_xlfn.MAXIFS(PyPISnapshots[Snapshot Date],PyPISnapshots[Company],_xlpm.c), _xlpm.pkgs,_xlfn.UNIQUE(_xlfn._xlws.FILTER(PyPISnapshots[PyPI Package], (PyPISnapshots[Company]=_xlpm.c)*(PyPISnapshots[Snapshot Date]=_xlpm.d))), IFERROR( SUM( _xlfn.MAP(_xlpm.pkgs, _xlfn.LAMBDA(_xlpm.p, _xlfn.MAXIFS(PyPISnapshots[Downloads Last Month], PyPISnapshots[Company],_xlpm.c, PyPISnapshots[Snapshot Date],_xlpm.d, PyPISnapshots[PyPI Package],_xlpm.p) ))), "" ) )} | C6: {=_xlfn.LET( _xlpm.c,$A6, _xlpm.d,_xlfn.MAXIFS(PyPISnapshots[Snapshot Date],PyPISnapshots[Company],_xlpm.c), _xlpm.pkgs,_xlfn.UNIQUE(_xlfn._xlws.FILTER(PyPISnapshots[PyPI Package], (PyPISnapshots[Company]=_xlpm.c)*(PyPISnapshots[Snapshot Date]=_xlpm.d))), IFERROR( SUM( _xlfn.MAP(_xlpm.pkgs, _xlfn.LAMBDA(_xlpm.p, _xlfn.MAXIFS(PyPISnapshots[Prev Month], PyPISnapshots[Company],_xlpm.c, PyPISnapshots[Snapshot Date],_xlpm.d, PyPISnapshots[PyPI Package],_xlpm.p) ))), "" ) )} | D6: {=_xlfn.LET( _xlpm.c,$A6, _xlpm.d,_xlfn.MAXIFS(PyPISnapshots[Snapshot Date],PyPISnapshots[Company],_xlpm.c), _xlpm.pkgs,_xlfn.UNIQUE(_xlfn._xlws.FILTER(PyPISnapshots[PyPI Package], (PyPISnapshots[Company]=_xlpm.c)*(PyPISnapshots[Snapshot Date]=_xlpm.d))), IFERROR( SUM( _xlfn.MAP(_xlpm.pkgs, _xlfn.LAMBDA(_xlpm.p, _xlfn.MAXIFS(PyPISnapshots[-5 Months Ago], PyPISnapshots[Company],_xlpm.c, PyPISnapshots[Snapshot Date],_xlpm.d, PyPISnapshots[PyPI Package],_xlpm.p) ))), "" ) )} | E6: {=_xlfn.LET( _xlpm.c,$A6, _xlpm.d,_xlfn.MAXIFS(PyPISnapshots[Snapshot Date],PyPISnapshots[Company],_xlpm.c), _xlpm.pkgs,_xlfn.UNIQUE(_xlfn._xlws.FILTER(PyPISnapshots[PyPI Package], (PyPISnapshots[Company]=_xlpm.c)*(PyPISnapshots[Snapshot Date]=_xlpm.d))), IFERROR( SUM( _xlfn.MAP(_xlpm.pkgs, _xlfn.LAMBDA(_xlpm.p, _xlfn.MAXIFS(PyPISnapshots[-4 Months Ago2], PyPISnapshots[Company],_xlpm.c, PyPISnapshots[Snapshot Date],_xlpm.d, PyPISnapshots[PyPI Package],_xlpm.p) ))), "" ) )} | F6: {=_xlfn.LET( _xlpm.c,$A6, _xlpm.d,_xlfn.MAXIFS(PyPISnapshots[Snapshot Date],PyPISnapshots[Company],_xlpm.c), _xlpm.pkgs,_xlfn.UNIQUE(_xlfn._xlws.FILTER(PyPISnapshots[PyPI Package], (PyPISnapshots[Company]=_xlpm.c)*(PyPISnapshots[Snapshot Date]=_xlpm.d))), IFERROR( SUM( _xlfn.MAP(_xlpm.pkgs, _xlfn.LAMBDA(_xlpm.p, _xlfn.MAXIFS(PyPISnapshots[-3 Months Ago], PyPISnapshots[Company],_xlpm.c, PyPISnapshots[Snapshot Date],_xlpm.d, PyPISnapshots[PyPI Package],_xlpm.p) ))), "" ) )} | G6: {=_xlfn.LET( _xlpm.c,$A6, _xlpm.d,_xlfn.MAXIFS(PyPISnapshots[Snapshot Date],PyPISnapshots[Company],_xlpm.c), _xlpm.pkgs,_xlfn.UNIQUE(_xlfn._xlws.FILTER(PyPISnapshots[PyPI Package], (PyPISnapshots[Company]=_xlpm.c)*(PyPISnapshots[Snapshot Date]=_xlpm.d))), IFERROR( SUM( _xlfn.MAP(_xlpm.pkgs, _xlfn.LAMBDA(_xlpm.p, _xlfn.MAXIFS(PyPISnapshots[-2 Months Ago], PyPISnapshots[Company],_xlpm.c, PyPISnapshots[Snapshot Date],_xlpm.d, PyPISnapshots[PyPI Package],_xlpm.p) ))), "" ) )} | H6: =ProxyCalc7[[#This Row],[PyPI Downloads (Six Months Ago)]]/ProxyCalc7[[#This Row],[PyPI Downloads (Six Months Ago)]] | I6: =ProxyCalc7[[#This Row],[PyPI Downloads (Five Months Ago)]]/ProxyCalc7[[#This Row],[PyPI Downloads (Six Months Ago)]] | J6: =ProxyCalc7[[#This Row],[PyPI Downloads (Four Months Ago)]]/ProxyCalc7[[#This Row],[PyPI Downloads (Six Months Ago)]] | K6: =ProxyCalc7[[#This Row],[PyPI Downloads (Three Months Ago)]]/ProxyCalc7[[#This Row],[PyPI Downloads (Six Months Ago)]] | L6: =ProxyCalc7[[#This Row],[PyPI Downloads (Prev Month)]]/ProxyCalc7[[#This Row],[PyPI Downloads (Six Months Ago)]] | M6: =ProxyCalc7[[#This Row],[PyPI Downloads (last month)]]/ProxyCalc7[[#This Row],[PyPI Downloads (Six Months Ago)]]
A7: {=IFERROR( _xlfn.LET( _xlpm.filtered, _xlfn.UNIQUE(_xlfn._xlws.FILTER(Config!$A$1:$A$498, Config!$G$1:$G$498="Y")), INDEX(_xlpm.filtered, ROW()-ROW($A$2)+1) ), "" )} | B7: {=_xlfn.LET( _xlpm.c,$A7, _xlpm.d,_xlfn.MAXIFS(PyPISnapshots[Snapshot Date],PyPISnapshots[Company],_xlpm.c), _xlpm.pkgs,_xlfn.UNIQUE(_xlfn._xlws.FILTER(PyPISnapshots[PyPI Package], (PyPISnapshots[Company]=_xlpm.c)*(PyPISnapshots[Snapshot Date]=_xlpm.d))), IFERROR( SUM( _xlfn.MAP(_xlpm.pkgs, _xlfn.LAMBDA(_xlpm.p, _xlfn.MAXIFS(PyPISnapshots[Downloads Last Month], PyPISnapshots[Company],_xlpm.c, PyPISnapshots[Snapshot Date],_xlpm.d, PyPISnapshots[PyPI Package],_xlpm.p) ))), "" ) )} | C7: {=_xlfn.LET( _xlpm.c,$A7, _xlpm.d,_xlfn.MAXIFS(PyPISnapshots[Snapshot Date],PyPISnapshots[Company],_xlpm.c), _xlpm.pkgs,_xlfn.UNIQUE(_xlfn._xlws.FILTER(PyPISnapshots[PyPI Package], (PyPISnapshots[Company]=_xlpm.c)*(PyPISnapshots[Snapshot Date]=_xlpm.d))), IFERROR( SUM( _xlfn.MAP(_xlpm.pkgs, _xlfn.LAMBDA(_xlpm.p, _xlfn.MAXIFS(PyPISnapshots[Prev Month], PyPISnapshots[Company],_xlpm.c, PyPISnapshots[Snapshot Date],_xlpm.d, PyPISnapshots[PyPI Package],_xlpm.p) ))), "" ) )} | D7: {=_xlfn.LET( _xlpm.c,$A7, _xlpm.d,_xlfn.MAXIFS(PyPISnapshots[Snapshot Date],PyPISnapshots[Company],_xlpm.c), _xlpm.pkgs,_xlfn.UNIQUE(_xlfn._xlws.FILTER(PyPISnapshots[PyPI Package], (PyPISnapshots[Company]=_xlpm.c)*(PyPISnapshots[Snapshot Date]=_xlpm.d))), IFERROR( SUM( _xlfn.MAP(_xlpm.pkgs, _xlfn.LAMBDA(_xlpm.p, _xlfn.MAXIFS(PyPISnapshots[-5 Months Ago], PyPISnapshots[Company],_xlpm.c, PyPISnapshots[Snapshot Date],_xlpm.d, PyPISnapshots[PyPI Package],_xlpm.p) ))), "" ) )} | E7: {=_xlfn.LET( _xlpm.c,$A7, _xlpm.d,_xlfn.MAXIFS(PyPISnapshots[Snapshot Date],PyPISnapshots[Company],_xlpm.c), _xlpm.pkgs,_xlfn.UNIQUE(_xlfn._xlws.FILTER(PyPISnapshots[PyPI Package], (PyPISnapshots[Company]=_xlpm.c)*(PyPISnapshots[Snapshot Date]=_xlpm.d))), IFERROR( SUM( _xlfn.MAP(_xlpm.pkgs, _xlfn.LAMBDA(_xlpm.p, _xlfn.MAXIFS(PyPISnapshots[-4 Months Ago2], PyPISnapshots[Company],_xlpm.c, PyPISnapshots[Snapshot Date],_xlpm.d, PyPISnapshots[PyPI Package],_xlpm.p) ))), "" ) )} | F7: {=_xlfn.LET( _xlpm.c,$A7, _xlpm.d,_xlfn.MAXIFS(PyPISnapshots[Snapshot Date],PyPISnapshots[Company],_xlpm.c), _xlpm.pkgs,_xlfn.UNIQUE(_xlfn._xlws.FILTER(PyPISnapshots[PyPI Package], (PyPISnapshots[Company]=_xlpm.c)*(PyPISnapshots[Snapshot Date]=_xlpm.d))), IFERROR( SUM( _xlfn.MAP(_xlpm.pkgs, _xlfn.LAMBDA(_xlpm.p, _xlfn.MAXIFS(PyPISnapshots[-3 Months Ago], PyPISnapshots[Company],_xlpm.c, PyPISnapshots[Snapshot Date],_xlpm.d, PyPISnapshots[PyPI Package],_xlpm.p) ))), "" ) )} | G7: {=_xlfn.LET( _xlpm.c,$A7, _xlpm.d,_xlfn.MAXIFS(PyPISnapshots[Snapshot Date],PyPISnapshots[Company],_xlpm.c), _xlpm.pkgs,_xlfn.UNIQUE(_xlfn._xlws.FILTER(PyPISnapshots[PyPI Package], (PyPISnapshots[Company]=_xlpm.c)*(PyPISnapshots[Snapshot Date]=_xlpm.d))), IFERROR( SUM( _xlfn.MAP(_xlpm.pkgs, _xlfn.LAMBDA(_xlpm.p, _xlfn.MAXIFS(PyPISnapshots[-2 Months Ago], PyPISnapshots[Company],_xlpm.c, PyPISnapshots[Snapshot Date],_xlpm.d, PyPISnapshots[PyPI Package],_xlpm.p) ))), "" ) )} | H7: =ProxyCalc7[[#This Row],[PyPI Downloads (Six Months Ago)]]/ProxyCalc7[[#This Row],[PyPI Downloads (Six Months Ago)]] | I7: =ProxyCalc7[[#This Row],[PyPI Downloads (Five Months Ago)]]/ProxyCalc7[[#This Row],[PyPI Downloads (Six Months Ago)]] | J7: =ProxyCalc7[[#This Row],[PyPI Downloads (Four Months Ago)]]/ProxyCalc7[[#This Row],[PyPI Downloads (Six Months Ago)]] | K7: =ProxyCalc7[[#This Row],[PyPI Downloads (Three Months Ago)]]/ProxyCalc7[[#This Row],[PyPI Downloads (Six Months Ago)]] | L7: =ProxyCalc7[[#This Row],[PyPI Downloads (Prev Month)]]/ProxyCalc7[[#This Row],[PyPI Downloads (Six Months Ago)]] | M7: =ProxyCalc7[[#This Row],[PyPI Downloads (last month)]]/ProxyCalc7[[#This Row],[PyPI Downloads (Six Months Ago)]]
A8: {=IFERROR( _xlfn.LET( _xlpm.filtered, _xlfn.UNIQUE(_xlfn._xlws.FILTER(Config!$A$1:$A$498, Config!$G$1:$G$498="Y")), INDEX(_xlpm.filtered, ROW()-ROW($A$2)+1) ), "" )} | B8: {=_xlfn.LET( _xlpm.c,$A8, _xlpm.d,_xlfn.MAXIFS(PyPISnapshots[Snapshot Date],PyPISnapshots[Company],_xlpm.c), _xlpm.pkgs,_xlfn.UNIQUE(_xlfn._xlws.FILTER(PyPISnapshots[PyPI Package], (PyPISnapshots[Company]=_xlpm.c)*(PyPISnapshots[Snapshot Date]=_xlpm.d))), IFERROR( SUM( _xlfn.MAP(_xlpm.pkgs, _xlfn.LAMBDA(_xlpm.p, _xlfn.MAXIFS(PyPISnapshots[Downloads Last Month], PyPISnapshots[Company],_xlpm.c, PyPISnapshots[Snapshot Date],_xlpm.d, PyPISnapshots[PyPI Package],_xlpm.p) ))), "" ) )} | C8: {=_xlfn.LET( _xlpm.c,$A8, _xlpm.d,_xlfn.MAXIFS(PyPISnapshots[Snapshot Date],PyPISnapshots[Company],_xlpm.c), _xlpm.pkgs,_xlfn.UNIQUE(_xlfn._xlws.FILTER(PyPISnapshots[PyPI Package], (PyPISnapshots[Company]=_xlpm.c)*(PyPISnapshots[Snapshot Date]=_xlpm.d))), IFERROR( SUM( _xlfn.MAP(_xlpm.pkgs, _xlfn.LAMBDA(_xlpm.p, _xlfn.MAXIFS(PyPISnapshots[Prev Month], PyPISnapshots[Company],_xlpm.c, PyPISnapshots[Snapshot Date],_xlpm.d, PyPISnapshots[PyPI Package],_xlpm.p) ))), "" ) )} | D8: {=_xlfn.LET( _xlpm.c,$A8, _xlpm.d,_xlfn.MAXIFS(PyPISnapshots[Snapshot Date],PyPISnapshots[Company],_xlpm.c), _xlpm.pkgs,_xlfn.UNIQUE(_xlfn._xlws.FILTER(PyPISnapshots[PyPI Package], (PyPISnapshots[Company]=_xlpm.c)*(PyPISnapshots[Snapshot Date]=_xlpm.d))), IFERROR( SUM( _xlfn.MAP(_xlpm.pkgs, _xlfn.LAMBDA(_xlpm.p, _xlfn.MAXIFS(PyPISnapshots[-5 Months Ago], PyPISnapshots[Company],_xlpm.c, PyPISnapshots[Snapshot Date],_xlpm.d, PyPISnapshots[PyPI Package],_xlpm.p) ))), "" ) )} | E8: {=_xlfn.LET( _xlpm.c,$A8, _xlpm.d,_xlfn.MAXIFS(PyPISnapshots[Snapshot Date],PyPISnapshots[Company],_xlpm.c), _xlpm.pkgs,_xlfn.UNIQUE(_xlfn._xlws.FILTER(PyPISnapshots[PyPI Package], (PyPISnapshots[Company]=_xlpm.c)*(PyPISnapshots[Snapshot Date]=_xlpm.d))), IFERROR( SUM( _xlfn.MAP(_xlpm.pkgs, _xlfn.LAMBDA(_xlpm.p, _xlfn.MAXIFS(PyPISnapshots[-4 Months Ago2], PyPISnapshots[Company],_xlpm.c, PyPISnapshots[Snapshot Date],_xlpm.d, PyPISnapshots[PyPI Package],_xlpm.p) ))), "" ) )} | F8: {=_xlfn.LET( _xlpm.c,$A8, _xlpm.d,_xlfn.MAXIFS(PyPISnapshots[Snapshot Date],PyPISnapshots[Company],_xlpm.c), _xlpm.pkgs,_xlfn.UNIQUE(_xlfn._xlws.FILTER(PyPISnapshots[PyPI Package], (PyPISnapshots[Company]=_xlpm.c)*(PyPISnapshots[Snapshot Date]=_xlpm.d))), IFERROR( SUM( _xlfn.MAP(_xlpm.pkgs, _xlfn.LAMBDA(_xlpm.p, _xlfn.MAXIFS(PyPISnapshots[-3 Months Ago], PyPISnapshots[Company],_xlpm.c, PyPISnapshots[Snapshot Date],_xlpm.d, PyPISnapshots[PyPI Package],_xlpm.p) ))), "" ) )} | G8: {=_xlfn.LET( _xlpm.c,$A8, _xlpm.d,_xlfn.MAXIFS(PyPISnapshots[Snapshot Date],PyPISnapshots[Company],_xlpm.c), _xlpm.pkgs,_xlfn.UNIQUE(_xlfn._xlws.FILTER(PyPISnapshots[PyPI Package], (PyPISnapshots[Company]=_xlpm.c)*(PyPISnapshots[Snapshot Date]=_xlpm.d))), IFERROR( SUM( _xlfn.MAP(_xlpm.pkgs, _xlfn.LAMBDA(_xlpm.p, _xlfn.MAXIFS(PyPISnapshots[-2 Months Ago], PyPISnapshots[Company],_xlpm.c, PyPISnapshots[Snapshot Date],_xlpm.d, PyPISnapshots[PyPI Package],_xlpm.p) ))), "" ) )} | H8: =ProxyCalc7[[#This Row],[PyPI Downloads (Six Months Ago)]]/ProxyCalc7[[#This Row],[PyPI Downloads (Six Months Ago)]] | I8: =ProxyCalc7[[#This Row],[PyPI Downloads (Five Months Ago)]]/ProxyCalc7[[#This Row],[PyPI Downloads (Six Months Ago)]] | J8: =ProxyCalc7[[#This Row],[PyPI Downloads (Four Months Ago)]]/ProxyCalc7[[#This Row],[PyPI Downloads (Six Months Ago)]] | K8: =ProxyCalc7[[#This Row],[PyPI Downloads (Three Months Ago)]]/ProxyCalc7[[#This Row],[PyPI Downloads (Six Months Ago)]] | L8: =ProxyCalc7[[#This Row],[PyPI Downloads (Prev Month)]]/ProxyCalc7[[#This Row],[PyPI Downloads (Six Months Ago)]] | M8: =ProxyCalc7[[#This Row],[PyPI Downloads (last month)]]/ProxyCalc7[[#This Row],[PyPI Downloads (Six Months Ago)]]
A9: {=IFERROR( _xlfn.LET( _xlpm.filtered, _xlfn.UNIQUE(_xlfn._xlws.FILTER(Config!$A$1:$A$498, Config!$G$1:$G$498="Y")), INDEX(_xlpm.filtered, ROW()-ROW($A$2)+1) ), "" )} | B9: {=_xlfn.LET( _xlpm.c,$A9, _xlpm.d,_xlfn.MAXIFS(PyPISnapshots[Snapshot Date],PyPISnapshots[Company],_xlpm.c), _xlpm.pkgs,_xlfn.UNIQUE(_xlfn._xlws.FILTER(PyPISnapshots[PyPI Package], (PyPISnapshots[Company]=_xlpm.c)*(PyPISnapshots[Snapshot Date]=_xlpm.d))), IFERROR( SUM( _xlfn.MAP(_xlpm.pkgs, _xlfn.LAMBDA(_xlpm.p, _xlfn.MAXIFS(PyPISnapshots[Downloads Last Month], PyPISnapshots[Company],_xlpm.c, PyPISnapshots[Snapshot Date],_xlpm.d, PyPISnapshots[PyPI Package],_xlpm.p) ))), "" ) )} | C9: {=_xlfn.LET( _xlpm.c,$A9, _xlpm.d,_xlfn.MAXIFS(PyPISnapshots[Snapshot Date],PyPISnapshots[Company],_xlpm.c), _xlpm.pkgs,_xlfn.UNIQUE(_xlfn._xlws.FILTER(PyPISnapshots[PyPI Package], (PyPISnapshots[Company]=_xlpm.c)*(PyPISnapshots[Snapshot Date]=_xlpm.d))), IFERROR( SUM( _xlfn.MAP(_xlpm.pkgs, _xlfn.LAMBDA(_xlpm.p, _xlfn.MAXIFS(PyPISnapshots[Prev Month], PyPISnapshots[Company],_xlpm.c, PyPISnapshots[Snapshot Date],_xlpm.d, PyPISnapshots[PyPI Package],_xlpm.p) ))), "" ) )} | D9: {=_xlfn.LET( _xlpm.c,$A9, _xlpm.d,_xlfn.MAXIFS(PyPISnapshots[Snapshot Date],PyPISnapshots[Company],_xlpm.c), _xlpm.pkgs,_xlfn.UNIQUE(_xlfn._xlws.FILTER(PyPISnapshots[PyPI Package], (PyPISnapshots[Company]=_xlpm.c)*(PyPISnapshots[Snapshot Date]=_xlpm.d))), IFERROR( SUM( _xlfn.MAP(_xlpm.pkgs, _xlfn.LAMBDA(_xlpm.p, _xlfn.MAXIFS(PyPISnapshots[-5 Months Ago], PyPISnapshots[Company],_xlpm.c, PyPISnapshots[Snapshot Date],_xlpm.d, PyPISnapshots[PyPI Package],_xlpm.p) ))), "" ) )} | E9: {=_xlfn.LET( _xlpm.c,$A9, _xlpm.d,_xlfn.MAXIFS(PyPISnapshots[Snapshot Date],PyPISnapshots[Company],_xlpm.c), _xlpm.pkgs,_xlfn.UNIQUE(_xlfn._xlws.FILTER(PyPISnapshots[PyPI Package], (PyPISnapshots[Company]=_xlpm.c)*(PyPISnapshots[Snapshot Date]=_xlpm.d))), IFERROR( SUM( _xlfn.MAP(_xlpm.pkgs, _xlfn.LAMBDA(_xlpm.p, _xlfn.MAXIFS(PyPISnapshots[-4 Months Ago2], PyPISnapshots[Company],_xlpm.c, PyPISnapshots[Snapshot Date],_xlpm.d, PyPISnapshots[PyPI Package],_xlpm.p) ))), "" ) )} | F9: {=_xlfn.LET( _xlpm.c,$A9, _xlpm.d,_xlfn.MAXIFS(PyPISnapshots[Snapshot Date],PyPISnapshots[Company],_xlpm.c), _xlpm.pkgs,_xlfn.UNIQUE(_xlfn._xlws.FILTER(PyPISnapshots[PyPI Package], (PyPISnapshots[Company]=_xlpm.c)*(PyPISnapshots[Snapshot Date]=_xlpm.d))), IFERROR( SUM( _xlfn.MAP(_xlpm.pkgs, _xlfn.LAMBDA(_xlpm.p, _xlfn.MAXIFS(PyPISnapshots[-3 Months Ago], PyPISnapshots[Company],_xlpm.c, PyPISnapshots[Snapshot Date],_xlpm.d, PyPISnapshots[PyPI Package],_xlpm.p) ))), "" ) )} | G9: {=_xlfn.LET( _xlpm.c,$A9, _xlpm.d,_xlfn.MAXIFS(PyPISnapshots[Snapshot Date],PyPISnapshots[Company],_xlpm.c), _xlpm.pkgs,_xlfn.UNIQUE(_xlfn._xlws.FILTER(PyPISnapshots[PyPI Package], (PyPISnapshots[Company]=_xlpm.c)*(PyPISnapshots[Snapshot Date]=_xlpm.d))), IFERROR( SUM( _xlfn.MAP(_xlpm.pkgs, _xlfn.LAMBDA(_xlpm.p, _xlfn.MAXIFS(PyPISnapshots[-2 Months Ago], PyPISnapshots[Company],_xlpm.c, PyPISnapshots[Snapshot Date],_xlpm.d, PyPISnapshots[PyPI Package],_xlpm.p) ))), "" ) )} | H9: =ProxyCalc7[[#This Row],[PyPI Downloads (Six Months Ago)]]/ProxyCalc7[[#This Row],[PyPI Downloads (Six Months Ago)]] | I9: =ProxyCalc7[[#This Row],[PyPI Downloads (Five Months Ago)]]/ProxyCalc7[[#This Row],[PyPI Downloads (Six Months Ago)]] | J9: =ProxyCalc7[[#This Row],[PyPI Downloads (Four Months Ago)]]/ProxyCalc7[[#This Row],[PyPI Downloads (Six Months Ago)]] | K9: =ProxyCalc7[[#This Row],[PyPI Downloads (Three Months Ago)]]/ProxyCalc7[[#This Row],[PyPI Downloads (Six Months Ago)]] | L9: =ProxyCalc7[[#This Row],[PyPI Downloads (Prev Month)]]/ProxyCalc7[[#This Row],[PyPI Downloads (Six Months Ago)]] | M9: =ProxyCalc7[[#This Row],[PyPI Downloads (last month)]]/ProxyCalc7[[#This Row],[PyPI Downloads (Six Months Ago)]]
A10: {=IFERROR( _xlfn.LET( _xlpm.filtered, _xlfn.UNIQUE(_xlfn._xlws.FILTER(Config!$A$1:$A$498, Config!$G$1:$G$498="Y")), INDEX(_xlpm.filtered, ROW()-ROW($A$2)+1) ), "" )} | B10: {=_xlfn.LET( _xlpm.c,$A10, _xlpm.d,_xlfn.MAXIFS(PyPISnapshots[Snapshot Date],PyPISnapshots[Company],_xlpm.c), _xlpm.pkgs,_xlfn.UNIQUE(_xlfn._xlws.FILTER(PyPISnapshots[PyPI Package], (PyPISnapshots[Company]=_xlpm.c)*(PyPISnapshots[Snapshot Date]=_xlpm.d))), IFERROR( SUM( _xlfn.MAP(_xlpm.pkgs, _xlfn.LAMBDA(_xlpm.p, _xlfn.MAXIFS(PyPISnapshots[Downloads Last Month], PyPISnapshots[Company],_xlpm.c, PyPISnapshots[Snapshot Date],_xlpm.d, PyPISnapshots[PyPI Package],_xlpm.p) ))), "" ) )} | C10: {=_xlfn.LET( _xlpm.c,$A10, _xlpm.d,_xlfn.MAXIFS(PyPISnapshots[Snapshot Date],PyPISnapshots[Company],_xlpm.c), _xlpm.pkgs,_xlfn.UNIQUE(_xlfn._xlws.FILTER(PyPISnapshots[PyPI Package], (PyPISnapshots[Company]=_xlpm.c)*(PyPISnapshots[Snapshot Date]=_xlpm.d))), IFERROR( SUM( _xlfn.MAP(_xlpm.pkgs, _xlfn.LAMBDA(_xlpm.p, _xlfn.MAXIFS(PyPISnapshots[Prev Month], PyPISnapshots[Company],_xlpm.c, PyPISnapshots[Snapshot Date],_xlpm.d, PyPISnapshots[PyPI Package],_xlpm.p) ))), "" ) )} | D10: {=_xlfn.LET( _xlpm.c,$A10, _xlpm.d,_xlfn.MAXIFS(PyPISnapshots[Snapshot Date],PyPISnapshots[Company],_xlpm.c), _xlpm.pkgs,_xlfn.UNIQUE(_xlfn._xlws.FILTER(PyPISnapshots[PyPI Package], (PyPISnapshots[Company]=_xlpm.c)*(PyPISnapshots[Snapshot Date]=_xlpm.d))), IFERROR( SUM( _xlfn.MAP(_xlpm.pkgs, _xlfn.LAMBDA(_xlpm.p, _xlfn.MAXIFS(PyPISnapshots[-5 Months Ago], PyPISnapshots[Company],_xlpm.c, PyPISnapshots[Snapshot Date],_xlpm.d, PyPISnapshots[PyPI Package],_xlpm.p) ))), "" ) )} | E10: {=_xlfn.LET( _xlpm.c,$A10, _xlpm.d,_xlfn.MAXIFS(PyPISnapshots[Snapshot Date],PyPISnapshots[Company],_xlpm.c), _xlpm.pkgs,_xlfn.UNIQUE(_xlfn._xlws.FILTER(PyPISnapshots[PyPI Package], (PyPISnapshots[Company]=_xlpm.c)*(PyPISnapshots[Snapshot Date]=_xlpm.d))), IFERROR( SUM( _xlfn.MAP(_xlpm.pkgs, _xlfn.LAMBDA(_xlpm.p, _xlfn.MAXIFS(PyPISnapshots[-4 Months Ago2], PyPISnapshots[Company],_xlpm.c, PyPISnapshots[Snapshot Date],_xlpm.d, PyPISnapshots[PyPI Package],_xlpm.p) ))), "" ) )} | F10: {=_xlfn.LET( _xlpm.c,$A10, _xlpm.d,_xlfn.MAXIFS(PyPISnapshots[Snapshot Date],PyPISnapshots[Company],_xlpm.c), _xlpm.pkgs,_xlfn.UNIQUE(_xlfn._xlws.FILTER(PyPISnapshots[PyPI Package], (PyPISnapshots[Company]=_xlpm.c)*(PyPISnapshots[Snapshot Date]=_xlpm.d))), IFERROR( SUM( _xlfn.MAP(_xlpm.pkgs, _xlfn.LAMBDA(_xlpm.p, _xlfn.MAXIFS(PyPISnapshots[-3 Months Ago], PyPISnapshots[Company],_xlpm.c, PyPISnapshots[Snapshot Date],_xlpm.d, PyPISnapshots[PyPI Package],_xlpm.p) ))), "" ) )} | G10: {=_xlfn.LET( _xlpm.c,$A10, _xlpm.d,_xlfn.MAXIFS(PyPISnapshots[Snapshot Date],PyPISnapshots[Company],_xlpm.c), _xlpm.pkgs,_xlfn.UNIQUE(_xlfn._xlws.FILTER(PyPISnapshots[PyPI Package], (PyPISnapshots[Company]=_xlpm.c)*(PyPISnapshots[Snapshot Date]=_xlpm.d))), IFERROR( SUM( _xlfn.MAP(_xlpm.pkgs, _xlfn.LAMBDA(_xlpm.p, _xlfn.MAXIFS(PyPISnapshots[-2 Months Ago], PyPISnapshots[Company],_xlpm.c, PyPISnapshots[Snapshot Date],_xlpm.d, PyPISnapshots[PyPI Package],_xlpm.p) ))), "" ) )} | H10: =ProxyCalc7[[#This Row],[PyPI Downloads (Six Months Ago)]]/ProxyCalc7[[#This Row],[PyPI Downloads (Six Months Ago)]] | I10: =ProxyCalc7[[#This Row],[PyPI Downloads (Five Months Ago)]]/ProxyCalc7[[#This Row],[PyPI Downloads (Six Months Ago)]] | J10: =ProxyCalc7[[#This Row],[PyPI Downloads (Four Months Ago)]]/ProxyCalc7[[#This Row],[PyPI Downloads (Six Months Ago)]] | K10: =ProxyCalc7[[#This Row],[PyPI Downloads (Three Months Ago)]]/ProxyCalc7[[#This Row],[PyPI Downloads (Six Months Ago)]] | L10: =ProxyCalc7[[#This Row],[PyPI Downloads (Prev Month)]]/ProxyCalc7[[#This Row],[PyPI Downloads (Six Months Ago)]] | M10: =ProxyCalc7[[#This Row],[PyPI Downloads (last month)]]/ProxyCalc7[[#This Row],[PyPI Downloads (Six Months Ago)]]
A11: {=IFERROR( _xlfn.LET( _xlpm.filtered, _xlfn.UNIQUE(_xlfn._xlws.FILTER(Config!$A$1:$A$498, Config!$G$1:$G$498="Y")), INDEX(_xlpm.filtered, ROW()-ROW($A$2)+1) ), "" )} | B11: {=_xlfn.LET( _xlpm.c,$A11, _xlpm.d,_xlfn.MAXIFS(PyPISnapshots[Snapshot Date],PyPISnapshots[Company],_xlpm.c), _xlpm.pkgs,_xlfn.UNIQUE(_xlfn._xlws.FILTER(PyPISnapshots[PyPI Package], (PyPISnapshots[Company]=_xlpm.c)*(PyPISnapshots[Snapshot Date]=_xlpm.d))), IFERROR( SUM( _xlfn.MAP(_xlpm.pkgs, _xlfn.LAMBDA(_xlpm.p, _xlfn.MAXIFS(PyPISnapshots[Downloads Last Month], PyPISnapshots[Company],_xlpm.c, PyPISnapshots[Snapshot Date],_xlpm.d, PyPISnapshots[PyPI Package],_xlpm.p) ))), "" ) )} | C11: {=_xlfn.LET( _xlpm.c,$A11, _xlpm.d,_xlfn.MAXIFS(PyPISnapshots[Snapshot Date],PyPISnapshots[Company],_xlpm.c), _xlpm.pkgs,_xlfn.UNIQUE(_xlfn._xlws.FILTER(PyPISnapshots[PyPI Package], (PyPISnapshots[Company]=_xlpm.c)*(PyPISnapshots[Snapshot Date]=_xlpm.d))), IFERROR( SUM( _xlfn.MAP(_xlpm.pkgs, _xlfn.LAMBDA(_xlpm.p, _xlfn.MAXIFS(PyPISnapshots[Prev Month], PyPISnapshots[Company],_xlpm.c, PyPISnapshots[Snapshot Date],_xlpm.d, PyPISnapshots[PyPI Package],_xlpm.p) ))), "" ) )} | D11: {=_xlfn.LET( _xlpm.c,$A11, _xlpm.d,_xlfn.MAXIFS(PyPISnapshots[Snapshot Date],PyPISnapshots[Company],_xlpm.c), _xlpm.pkgs,_xlfn.UNIQUE(_xlfn._xlws.FILTER(PyPISnapshots[PyPI Package], (PyPISnapshots[Company]=_xlpm.c)*(PyPISnapshots[Snapshot Date]=_xlpm.d))), IFERROR( SUM( _xlfn.MAP(_xlpm.pkgs, _xlfn.LAMBDA(_xlpm.p, _xlfn.MAXIFS(PyPISnapshots[-5 Months Ago], PyPISnapshots[Company],_xlpm.c, PyPISnapshots[Snapshot Date],_xlpm.d, PyPISnapshots[PyPI Package],_xlpm.p) ))), "" ) )} | E11: {=_xlfn.LET( _xlpm.c,$A11, _xlpm.d,_xlfn.MAXIFS(PyPISnapshots[Snapshot Date],PyPISnapshots[Company],_xlpm.c), _xlpm.pkgs,_xlfn.UNIQUE(_xlfn._xlws.FILTER(PyPISnapshots[PyPI Package], (PyPISnapshots[Company]=_xlpm.c)*(PyPISnapshots[Snapshot Date]=_xlpm.d))), IFERROR( SUM( _xlfn.MAP(_xlpm.pkgs, _xlfn.LAMBDA(_xlpm.p, _xlfn.MAXIFS(PyPISnapshots[-4 Months Ago2], PyPISnapshots[Company],_xlpm.c, PyPISnapshots[Snapshot Date],_xlpm.d, PyPISnapshots[PyPI Package],_xlpm.p) ))), "" ) )} | F11: {=_xlfn.LET( _xlpm.c,$A11, _xlpm.d,_xlfn.MAXIFS(PyPISnapshots[Snapshot Date],PyPISnapshots[Company],_xlpm.c), _xlpm.pkgs,_xlfn.UNIQUE(_xlfn._xlws.FILTER(PyPISnapshots[PyPI Package], (PyPISnapshots[Company]=_xlpm.c)*(PyPISnapshots[Snapshot Date]=_xlpm.d))), IFERROR( SUM( _xlfn.MAP(_xlpm.pkgs, _xlfn.LAMBDA(_xlpm.p, _xlfn.MAXIFS(PyPISnapshots[-3 Months Ago], PyPISnapshots[Company],_xlpm.c, PyPISnapshots[Snapshot Date],_xlpm.d, PyPISnapshots[PyPI Package],_xlpm.p) ))), "" ) )} | G11: {=_xlfn.LET( _xlpm.c,$A11, _xlpm.d,_xlfn.MAXIFS(PyPISnapshots[Snapshot Date],PyPISnapshots[Company],_xlpm.c), _xlpm.pkgs,_xlfn.UNIQUE(_xlfn._xlws.FILTER(PyPISnapshots[PyPI Package], (PyPISnapshots[Company]=_xlpm.c)*(PyPISnapshots[Snapshot Date]=_xlpm.d))), IFERROR( SUM( _xlfn.MAP(_xlpm.pkgs, _xlfn.LAMBDA(_xlpm.p, _xlfn.MAXIFS(PyPISnapshots[-2 Months Ago], PyPISnapshots[Company],_xlpm.c, PyPISnapshots[Snapshot Date],_xlpm.d, PyPISnapshots[PyPI Package],_xlpm.p) ))), "" ) )} | H11: =ProxyCalc7[[#This Row],[PyPI Downloads (Six Months Ago)]]/ProxyCalc7[[#This Row],[PyPI Downloads (Six Months Ago)]] | I11: =ProxyCalc7[[#This Row],[PyPI Downloads (Five Months Ago)]]/ProxyCalc7[[#This Row],[PyPI Downloads (Six Months Ago)]] | J11: =ProxyCalc7[[#This Row],[PyPI Downloads (Four Months Ago)]]/ProxyCalc7[[#This Row],[PyPI Downloads (Six Months Ago)]] | K11: =ProxyCalc7[[#This Row],[PyPI Downloads (Three Months Ago)]]/ProxyCalc7[[#This Row],[PyPI Downloads (Six Months Ago)]] | L11: =ProxyCalc7[[#This Row],[PyPI Downloads (Prev Month)]]/ProxyCalc7[[#This Row],[PyPI Downloads (Six Months Ago)]] | M11: =ProxyCalc7[[#This Row],[PyPI Downloads (last month)]]/ProxyCalc7[[#This Row],[PyPI Downloads (Six Months Ago)]]
A12: {=IFERROR( _xlfn.LET( _xlpm.filtered, _xlfn.UNIQUE(_xlfn._xlws.FILTER(Config!$A$1:$A$498, Config!$G$1:$G$498="Y")), INDEX(_xlpm.filtered, ROW()-ROW($A$2)+1) ), "" )} | B12: {=_xlfn.LET( _xlpm.c,$A12, _xlpm.d,_xlfn.MAXIFS(PyPISnapshots[Snapshot Date],PyPISnapshots[Company],_xlpm.c), _xlpm.pkgs,_xlfn.UNIQUE(_xlfn._xlws.FILTER(PyPISnapshots[PyPI Package], (PyPISnapshots[Company]=_xlpm.c)*(PyPISnapshots[Snapshot Date]=_xlpm.d))), IFERROR( SUM( _xlfn.MAP(_xlpm.pkgs, _xlfn.LAMBDA(_xlpm.p, _xlfn.MAXIFS(PyPISnapshots[Downloads Last Month], PyPISnapshots[Company],_xlpm.c, PyPISnapshots[Snapshot Date],_xlpm.d, PyPISnapshots[PyPI Package],_xlpm.p) ))), "" ) )} | C12: {=_xlfn.LET( _xlpm.c,$A12, _xlpm.d,_xlfn.MAXIFS(PyPISnapshots[Snapshot Date],PyPISnapshots[Company],_xlpm.c), _xlpm.pkgs,_xlfn.UNIQUE(_xlfn._xlws.FILTER(PyPISnapshots[PyPI Package], (PyPISnapshots[Company]=_xlpm.c)*(PyPISnapshots[Snapshot Date]=_xlpm.d))), IFERROR( SUM( _xlfn.MAP(_xlpm.pkgs, _xlfn.LAMBDA(_xlpm.p, _xlfn.MAXIFS(PyPISnapshots[Prev Month], PyPISnapshots[Company],_xlpm.c, PyPISnapshots[Snapshot Date],_xlpm.d, PyPISnapshots[PyPI Package],_xlpm.p) ))), "" ) )} | D12: {=_xlfn.LET( _xlpm.c,$A12, _xlpm.d,_xlfn.MAXIFS(PyPISnapshots[Snapshot Date],PyPISnapshots[Company],_xlpm.c), _xlpm.pkgs,_xlfn.UNIQUE(_xlfn._xlws.FILTER(PyPISnapshots[PyPI Package], (PyPISnapshots[Company]=_xlpm.c)*(PyPISnapshots[Snapshot Date]=_xlpm.d))), IFERROR( SUM( _xlfn.MAP(_xlpm.pkgs, _xlfn.LAMBDA(_xlpm.p, _xlfn.MAXIFS(PyPISnapshots[-5 Months Ago], PyPISnapshots[Company],_xlpm.c, PyPISnapshots[Snapshot Date],_xlpm.d, PyPISnapshots[PyPI Package],_xlpm.p) ))), "" ) )} | E12: {=_xlfn.LET( _xlpm.c,$A12, _xlpm.d,_xlfn.MAXIFS(PyPISnapshots[Snapshot Date],PyPISnapshots[Company],_xlpm.c), _xlpm.pkgs,_xlfn.UNIQUE(_xlfn._xlws.FILTER(PyPISnapshots[PyPI Package], (PyPISnapshots[Company]=_xlpm.c)*(PyPISnapshots[Snapshot Date]=_xlpm.d))), IFERROR( SUM( _xlfn.MAP(_xlpm.pkgs, _xlfn.LAMBDA(_xlpm.p, _xlfn.MAXIFS(PyPISnapshots[-4 Months Ago2], PyPISnapshots[Company],_xlpm.c, PyPISnapshots[Snapshot Date],_xlpm.d, PyPISnapshots[PyPI Package],_xlpm.p) ))), "" ) )} | F12: {=_xlfn.LET( _xlpm.c,$A12, _xlpm.d,_xlfn.MAXIFS(PyPISnapshots[Snapshot Date],PyPISnapshots[Company],_xlpm.c), _xlpm.pkgs,_xlfn.UNIQUE(_xlfn._xlws.FILTER(PyPISnapshots[PyPI Package], (PyPISnapshots[Company]=_xlpm.c)*(PyPISnapshots[Snapshot Date]=_xlpm.d))), IFERROR( SUM( _xlfn.MAP(_xlpm.pkgs, _xlfn.LAMBDA(_xlpm.p, _xlfn.MAXIFS(PyPISnapshots[-3 Months Ago], PyPISnapshots[Company],_xlpm.c, PyPISnapshots[Snapshot Date],_xlpm.d, PyPISnapshots[PyPI Package],_xlpm.p) ))), "" ) )} | G12: {=_xlfn.LET( _xlpm.c,$A12, _xlpm.d,_xlfn.MAXIFS(PyPISnapshots[Snapshot Date],PyPISnapshots[Company],_xlpm.c), _xlpm.pkgs,_xlfn.UNIQUE(_xlfn._xlws.FILTER(PyPISnapshots[PyPI Package], (PyPISnapshots[Company]=_xlpm.c)*(PyPISnapshots[Snapshot Date]=_xlpm.d))), IFERROR( SUM( _xlfn.MAP(_xlpm.pkgs, _xlfn.LAMBDA(_xlpm.p, _xlfn.MAXIFS(PyPISnapshots[-2 Months Ago], PyPISnapshots[Company],_xlpm.c, PyPISnapshots[Snapshot Date],_xlpm.d, PyPISnapshots[PyPI Package],_xlpm.p) ))), "" ) )} | H12: =ProxyCalc7[[#This Row],[PyPI Downloads (Six Months Ago)]]/ProxyCalc7[[#This Row],[PyPI Downloads (Six Months Ago)]] | I12: =ProxyCalc7[[#This Row],[PyPI Downloads (Five Months Ago)]]/ProxyCalc7[[#This Row],[PyPI Downloads (Six Months Ago)]] | J12: =ProxyCalc7[[#This Row],[PyPI Downloads (Four Months Ago)]]/ProxyCalc7[[#This Row],[PyPI Downloads (Six Months Ago)]] | K12: =ProxyCalc7[[#This Row],[PyPI Downloads (Three Months Ago)]]/ProxyCalc7[[#This Row],[PyPI Downloads (Six Months Ago)]] | L12: =ProxyCalc7[[#This Row],[PyPI Downloads (Prev Month)]]/ProxyCalc7[[#This Row],[PyPI Downloads (Six Months Ago)]] | M12: =ProxyCalc7[[#This Row],[PyPI Downloads (last month)]]/ProxyCalc7[[#This Row],[PyPI Downloads (Six Months Ago)]]
A13: {=IFERROR( _xlfn.LET( _xlpm.filtered, _xlfn.UNIQUE(_xlfn._xlws.FILTER(Config!$A$1:$A$498, Config!$G$1:$G$498="Y")), INDEX(_xlpm.filtered, ROW()-ROW($A$2)+1) ), "" )} | B13: {=_xlfn.LET( _xlpm.c,$A13, _xlpm.d,_xlfn.MAXIFS(PyPISnapshots[Snapshot Date],PyPISnapshots[Company],_xlpm.c), _xlpm.pkgs,_xlfn.UNIQUE(_xlfn._xlws.FILTER(PyPISnapshots[PyPI Package], (PyPISnapshots[Company]=_xlpm.c)*(PyPISnapshots[Snapshot Date]=_xlpm.d))), IFERROR( SUM( _xlfn.MAP(_xlpm.pkgs, _xlfn.LAMBDA(_xlpm.p, _xlfn.MAXIFS(PyPISnapshots[Downloads Last Month], PyPISnapshots[Company],_xlpm.c, PyPISnapshots[Snapshot Date],_xlpm.d, PyPISnapshots[PyPI Package],_xlpm.p) ))), "" ) )} | C13: {=_xlfn.LET( _xlpm.c,$A13, _xlpm.d,_xlfn.MAXIFS(PyPISnapshots[Snapshot Date],PyPISnapshots[Company],_xlpm.c), _xlpm.pkgs,_xlfn.UNIQUE(_xlfn._xlws.FILTER(PyPISnapshots[PyPI Package], (PyPISnapshots[Company]=_xlpm.c)*(PyPISnapshots[Snapshot Date]=_xlpm.d))), IFERROR( SUM( _xlfn.MAP(_xlpm.pkgs, _xlfn.LAMBDA(_xlpm.p, _xlfn.MAXIFS(PyPISnapshots[Prev Month], PyPISnapshots[Company],_xlpm.c, PyPISnapshots[Snapshot Date],_xlpm.d, PyPISnapshots[PyPI Package],_xlpm.p) ))), "" ) )} | D13: {=_xlfn.LET( _xlpm.c,$A13, _xlpm.d,_xlfn.MAXIFS(PyPISnapshots[Snapshot Date],PyPISnapshots[Company],_xlpm.c), _xlpm.pkgs,_xlfn.UNIQUE(_xlfn._xlws.FILTER(PyPISnapshots[PyPI Package], (PyPISnapshots[Company]=_xlpm.c)*(PyPISnapshots[Snapshot Date]=_xlpm.d))), IFERROR( SUM( _xlfn.MAP(_xlpm.pkgs, _xlfn.LAMBDA(_xlpm.p, _xlfn.MAXIFS(PyPISnapshots[-5 Months Ago], PyPISnapshots[Company],_xlpm.c, PyPISnapshots[Snapshot Date],_xlpm.d, PyPISnapshots[PyPI Package],_xlpm.p) ))), "" ) )} | E13: {=_xlfn.LET( _xlpm.c,$A13, _xlpm.d,_xlfn.MAXIFS(PyPISnapshots[Snapshot Date],PyPISnapshots[Company],_xlpm.c), _xlpm.pkgs,_xlfn.UNIQUE(_xlfn._xlws.FILTER(PyPISnapshots[PyPI Package], (PyPISnapshots[Company]=_xlpm.c)*(PyPISnapshots[Snapshot Date]=_xlpm.d))), IFERROR( SUM( _xlfn.MAP(_xlpm.pkgs, _xlfn.LAMBDA(_xlpm.p, _xlfn.MAXIFS(PyPISnapshots[-4 Months Ago2], PyPISnapshots[Company],_xlpm.c, PyPISnapshots[Snapshot Date],_xlpm.d, PyPISnapshots[PyPI Package],_xlpm.p) ))), "" ) )} | F13: {=_xlfn.LET( _xlpm.c,$A13, _xlpm.d,_xlfn.MAXIFS(PyPISnapshots[Snapshot Date],PyPISnapshots[Company],_xlpm.c), _xlpm.pkgs,_xlfn.UNIQUE(_xlfn._xlws.FILTER(PyPISnapshots[PyPI Package], (PyPISnapshots[Company]=_xlpm.c)*(PyPISnapshots[Snapshot Date]=_xlpm.d))), IFERROR( SUM( _xlfn.MAP(_xlpm.pkgs, _xlfn.LAMBDA(_xlpm.p, _xlfn.MAXIFS(PyPISnapshots[-3 Months Ago], PyPISnapshots[Company],_xlpm.c, PyPISnapshots[Snapshot Date],_xlpm.d, PyPISnapshots[PyPI Package],_xlpm.p) ))), "" ) )} | G13: {=_xlfn.LET( _xlpm.c,$A13, _xlpm.d,_xlfn.MAXIFS(PyPISnapshots[Snapshot Date],PyPISnapshots[Company],_xlpm.c), _xlpm.pkgs,_xlfn.UNIQUE(_xlfn._xlws.FILTER(PyPISnapshots[PyPI Package], (PyPISnapshots[Company]=_xlpm.c)*(PyPISnapshots[Snapshot Date]=_xlpm.d))), IFERROR( SUM( _xlfn.MAP(_xlpm.pkgs, _xlfn.LAMBDA(_xlpm.p, _xlfn.MAXIFS(PyPISnapshots[-2 Months Ago], PyPISnapshots[Company],_xlpm.c, PyPISnapshots[Snapshot Date],_xlpm.d, PyPISnapshots[PyPI Package],_xlpm.p) ))), "" ) )} | H13: =ProxyCalc7[[#This Row],[PyPI Downloads (Six Months Ago)]]/ProxyCalc7[[#This Row],[PyPI Downloads (Six Months Ago)]] | I13: =ProxyCalc7[[#This Row],[PyPI Downloads (Five Months Ago)]]/ProxyCalc7[[#This Row],[PyPI Downloads (Six Months Ago)]] | J13: =ProxyCalc7[[#This Row],[PyPI Downloads (Four Months Ago)]]/ProxyCalc7[[#This Row],[PyPI Downloads (Six Months Ago)]] | K13: =ProxyCalc7[[#This Row],[PyPI Downloads (Three Months Ago)]]/ProxyCalc7[[#This Row],[PyPI Downloads (Six Months Ago)]] | L13: =ProxyCalc7[[#This Row],[PyPI Downloads (Prev Month)]]/ProxyCalc7[[#This Row],[PyPI Downloads (Six Months Ago)]] | M13: =ProxyCalc7[[#This Row],[PyPI Downloads (last month)]]/ProxyCalc7[[#This Row],[PyPI Downloads (Six Months Ago)]]
... A42: {=IFERROR( _xlfn.LET( _xlpm.filtered, _xlfn.UNIQUE(_xlfn._xlws.FILTER(Config!$A$1:$A$498, Config!$G$1:$G$498="Y")), INDEX(_xlpm.filtered, ROW()-ROW($A$2)+1) ), "" )} | B42: {=_xlfn.LET( _xlpm.c,$A42, _xlpm.d,_xlfn.MAXIFS(PyPISnapshots[Snapshot Date],PyPISnapshots[Company],_xlpm.c), _xlpm.pkgs,_xlfn.UNIQUE(_xlfn._xlws.FILTER(PyPISnapshots[PyPI Package], (PyPISnapshots[Company]=_xlpm.c)*(PyPISnapshots[Snapshot Date]=_xlpm.d))), IFERROR( SUM( _xlfn.MAP(_xlpm.pkgs, _xlfn.LAMBDA(_xlpm.p, _xlfn.MAXIFS(PyPISnapshots[Downloads Last Month], PyPISnapshots[Company],_xlpm.c, PyPISnapshots[Snapshot Date],_xlpm.d, PyPISnapshots[PyPI Package],_xlpm.p) ))), "" ) )} | C42: {=_xlfn.LET( _xlpm.c,$A42, _xlpm.d,_xlfn.MAXIFS(PyPISnapshots[Snapshot Date],PyPISnapshots[Company],_xlpm.c), _xlpm.pkgs,_xlfn.UNIQUE(_xlfn._xlws.FILTER(PyPISnapshots[PyPI Package], (PyPISnapshots[Company]=_xlpm.c)*(PyPISnapshots[Snapshot Date]=_xlpm.d))), IFERROR( SUM( _xlfn.MAP(_xlpm.pkgs, _xlfn.LAMBDA(_xlpm.p, _xlfn.MAXIFS(PyPISnapshots[Prev Month], PyPISnapshots[Company],_xlpm.c, PyPISnapshots[Snapshot Date],_xlpm.d, PyPISnapshots[PyPI Package],_xlpm.p) ))), "" ) )} | D42: {=_xlfn.LET( _xlpm.c,$A42, _xlpm.d,_xlfn.MAXIFS(PyPISnapshots[Snapshot Date],PyPISnapshots[Company],_xlpm.c), _xlpm.pkgs,_xlfn.UNIQUE(_xlfn._xlws.FILTER(PyPISnapshots[PyPI Package], (PyPISnapshots[Company]=_xlpm.c)*(PyPISnapshots[Snapshot Date]=_xlpm.d))), IFERROR( SUM( _xlfn.MAP(_xlpm.pkgs, _xlfn.LAMBDA(_xlpm.p, _xlfn.MAXIFS(PyPISnapshots[-5 Months Ago], PyPISnapshots[Company],_xlpm.c, PyPISnapshots[Snapshot Date],_xlpm.d, PyPISnapshots[PyPI Package],_xlpm.p) ))), "" ) )} | E42: {=_xlfn.LET( _xlpm.c,$A42, _xlpm.d,_xlfn.MAXIFS(PyPISnapshots[Snapshot Date],PyPISnapshots[Company],_xlpm.c), _xlpm.pkgs,_xlfn.UNIQUE(_xlfn._xlws.FILTER(PyPISnapshots[PyPI Package], (PyPISnapshots[Company]=_xlpm.c)*(PyPISnapshots[Snapshot Date]=_xlpm.d))), IFERROR( SUM( _xlfn.MAP(_xlpm.pkgs, _xlfn.LAMBDA(_xlpm.p, _xlfn.MAXIFS(PyPISnapshots[-4 Months Ago2], PyPISnapshots[Company],_xlpm.c, PyPISnapshots[Snapshot Date],_xlpm.d, PyPISnapshots[PyPI Package],_xlpm.p) ))), "" ) )} | F42: {=_xlfn.LET( _xlpm.c,$A42, _xlpm.d,_xlfn.MAXIFS(PyPISnapshots[Snapshot Date],PyPISnapshots[Company],_xlpm.c), _xlpm.pkgs,_xlfn.UNIQUE(_xlfn._xlws.FILTER(PyPISnapshots[PyPI Package], (PyPISnapshots[Company]=_xlpm.c)*(PyPISnapshots[Snapshot Date]=_xlpm.d))), IFERROR( SUM( _xlfn.MAP(_xlpm.pkgs, _xlfn.LAMBDA(_xlpm.p, _xlfn.MAXIFS(PyPISnapshots[-3 Months Ago], PyPISnapshots[Company],_xlpm.c, PyPISnapshots[Snapshot Date],_xlpm.d, PyPISnapshots[PyPI Package],_xlpm.p) ))), "" ) )} | G42: {=_xlfn.LET( _xlpm.c,$A42, _xlpm.d,_xlfn.MAXIFS(PyPISnapshots[Snapshot Date],PyPISnapshots[Company],_xlpm.c), _xlpm.pkgs,_xlfn.UNIQUE(_xlfn._xlws.FILTER(PyPISnapshots[PyPI Package], (PyPISnapshots[Company]=_xlpm.c)*(PyPISnapshots[Snapshot Date]=_xlpm.d))), IFERROR( SUM( _xlfn.MAP(_xlpm.pkgs, _xlfn.LAMBDA(_xlpm.p, _xlfn.MAXIFS(PyPISnapshots[-2 Months Ago], PyPISnapshots[Company],_xlpm.c, PyPISnapshots[Snapshot Date],_xlpm.d, PyPISnapshots[PyPI Package],_xlpm.p) ))), "" ) )} | H42: =ProxyCalc7[[#This Row],[PyPI Downloads (Six Months Ago)]]/ProxyCalc7[[#This Row],[PyPI Downloads (Six Months Ago)]] | I42: =ProxyCalc7[[#This Row],[PyPI Downloads (Five Months Ago)]]/ProxyCalc7[[#This Row],[PyPI Downloads (Six Months Ago)]] | J42: =ProxyCalc7[[#This Row],[PyPI Downloads (Four Months Ago)]]/ProxyCalc7[[#This Row],[PyPI Downloads (Six Months Ago)]] | K42: =ProxyCalc7[[#This Row],[PyPI Downloads (Three Months Ago)]]/ProxyCalc7[[#This Row],[PyPI Downloads (Six Months Ago)]] | L42: =ProxyCalc7[[#This Row],[PyPI Downloads (Prev Month)]]/ProxyCalc7[[#This Row],[PyPI Downloads (Six Months Ago)]] | M42: =ProxyCalc7[[#This Row],[PyPI Downloads (last month)]]/ProxyCalc7[[#This Row],[PyPI Downloads (Six Months Ago)]]

Sheet Proxy_Calc
A1: Company | B1: Latest Snapshot Date | C1: Stars (latest) | D1: Stars (30d ago) | E1: Star Growth (30d) | F1: Forks (latest) | G1: Forks (30d ago) | H1: Fork Growth (30d) | I1: PyPI Downloads (last month) | J1: PyPI Downloads (Prev Month) | K1: PyPI Downloads (Six Months Ago) | L1: PyPI Downloads (Five Months Ago) | M1: PyPI Downloads (Four Months Ago) | N1: PyPI Downloads (Three Months Ago) | O1: Download MoM Growth | P1: Download 6M Growth | Q1: Download 3M Growth | R1: Trends Index (latest)
A2: {=IFERROR( _xlfn.LET( _xlpm.filtered, _xlfn.UNIQUE(_xlfn._xlws.FILTER(Config!$A$1:$A$498, Config!$G$1:$G$498="Y")), INDEX(_xlpm.filtered, ROW()-ROW($A$2)+1) ), "" )} | B2: =IFERROR(_xlfn.MAXIFS(GitHubSnapshots[Snapshot Date],GitHubSnapshots[Company],A2),"") | C2: {=IFERROR( _xlfn.XLOOKUP( 1, (GitHubSnapshots[Company]=A2)*(GitHubSnapshots[Snapshot Date]=B2), GitHubSnapshots[Stars] ), "")} | D2: {=_xlfn.LET( _xlpm.c,LOWER(TRIM($A2)), _xlpm.comp,LOWER(TRIM(GitHubSnapshots[Company])), _xlpm.dRaw,_xlfn._xlws.FILTER(GitHubSnapshots[Snapshot Date], _xlpm.comp=_xlpm.c), _xlpm.sAll,_xlfn._xlws.FILTER(GitHubSnapshots[Stars], _xlpm.comp=_xlpm.c), _xlpm.dNum,IF(ISNUMBER(_xlpm.dRaw), _xlpm.dRaw, DATE(LEFT(_xlpm.dRaw,4), MID(_xlpm.dRaw,6,2), MID(_xlpm.dRaw,9,2)) ), _xlpm.latest,MAX(_xlpm.dNum), _xlpm.cutoff,_xlpm.latest-30, _xlpm.dif,ABS(_xlpm.dNum-_xlpm.cutoff), _xlpm.target,INDEX(_xlpm.dNum, MATCH(MIN(_xlpm.dif), _xlpm.dif, 0)), IFERROR(INDEX(_xlpm.sAll, MATCH(_xlpm.target, _xlpm.dNum, 0)),"") )} | E2: =(ProxyCalc[[#This Row],[Stars (latest)]]/ProxyCalc[[#This Row],[Stars (30d ago)]])-1 | F2: {=IFERROR( _xlfn.XLOOKUP( 1, (GitHubSnapshots[Company]=A2)*(GitHubSnapshots[Snapshot Date]=B2), GitHubSnapshots[Forks] ), "")} | G2: {=_xlfn.LET( _xlpm.c,LOWER(TRIM($A2)), _xlpm.comp,LOWER(TRIM(GitHubSnapshots[Company])), _xlpm.dRaw,_xlfn._xlws.FILTER(GitHubSnapshots[Snapshot Date], _xlpm.comp=_xlpm.c), _xlpm.fAll,_xlfn._xlws.FILTER(GitHubSnapshots[Forks], _xlpm.comp=_xlpm.c), _xlpm.dNum,IF(ISNUMBER(_xlpm.dRaw), _xlpm.dRaw, DATE(LEFT(_xlpm.dRaw,4), MID(_xlpm.dRaw,6,2), MID(_xlpm.dRaw,9,2)) ), _xlpm.latest,MAX(_xlpm.dNum), _xlpm.cutoff,_xlpm.latest-30, _xlpm.dif,ABS(_xlpm.dNum-_xlpm.cutoff), _xlpm.target,INDEX(_xlpm.dNum, MATCH(MIN(_xlpm.dif), _xlpm.dif, 0)), IFERROR(INDEX(_xlpm.fAll, MATCH(_xlpm.target, _xlpm.dNum, 0)),"") )} | H2: =(ProxyCalc[[#This Row],[Forks (latest)]]/ProxyCalc[[#This Row],[Forks (30d ago)]])-1 | I2: {=_xlfn.LET( _xlpm.c,$A2, _xlpm.d,_xlfn.MAXIFS(PyPISnapshots[Snapshot Date],PyPISnapshots[Company],_xlpm.c), _xlpm.pkgs,_xlfn.UNIQUE(_xlfn._xlws.FILTER(PyPISnapshots[PyPI Package], (PyPISnapshots[Company]=_xlpm.c)*(PyPISnapshots[Snapshot Date]=_xlpm.d))), IFERROR( SUM( _xlfn.MAP(_xlpm.pkgs, _xlfn.LAMBDA(_xlpm.p, _xlfn.MAXIFS(PyPISnapshots[Downloads Last Month], PyPISnapshots[Company],_xlpm.c, PyPISnapshots[Snapshot Date],_xlpm.d, PyPISnapshots[PyPI Package],_xlpm.p) ))), "" ) )} | J2: {=_xlfn.LET( _xlpm.c,$A2, _xlpm.d,_xlfn.MAXIFS(PyPISnapshots[Snapshot Date],PyPISnapshots[Company],_xlpm.c), _xlpm.pkgs,_xlfn.UNIQUE(_xlfn._xlws.FILTER(PyPISnapshots[PyPI Package], (PyPISnapshots[Company]=_xlpm.c)*(PyPISnapshots[Snapshot Date]=_xlpm.d))), IFERROR( SUM( _xlfn.MAP(_xlpm.pkgs, _xlfn.LAMBDA(_xlpm.p, _xlfn.MAXIFS(PyPISnapshots[Prev Month], PyPISnapshots[Company],_xlpm.c, PyPISnapshots[Snapshot Date],_xlpm.d, PyPISnapshots[PyPI Package],_xlpm.p) ))), "" ) )} | K2: {=_xlfn.LET( _xlpm.c,$A2, _xlpm.d,_xlfn.MAXIFS(PyPISnapshots[Snapshot Date],PyPISnapshots[Company],_xlpm.c), _xlpm.pkgs,_xlfn.UNIQUE(_xlfn._xlws.FILTER(PyPISnapshots[PyPI Package], (PyPISnapshots[Company]=_xlpm.c)*(PyPISnapshots[Snapshot Date]=_xlpm.d))), IFERROR( SUM( _xlfn.MAP(_xlpm.pkgs, _xlfn.LAMBDA(_xlpm.p, _xlfn.MAXIFS(PyPISnapshots[-5 Months Ago], PyPISnapshots[Company],_xlpm.c, PyPISnapshots[Snapshot Date],_xlpm.d, PyPISnapshots[PyPI Package],_xlpm.p) ))), "" ) )} | L2: {=_xlfn.LET( _xlpm.c,$A2, _xlpm.d,_xlfn.MAXIFS(PyPISnapshots[Snapshot Date],PyPISnapshots[Company],_xlpm.c), _xlpm.pkgs,_xlfn.UNIQUE(_xlfn._xlws.FILTER(PyPISnapshots[PyPI Package], (PyPISnapshots[Company]=_xlpm.c)*(PyPISnapshots[Snapshot Date]=_xlpm.d))), IFERROR( SUM( _xlfn.MAP(_xlpm.pkgs, _xlfn.LAMBDA(_xlpm.p, _xlfn.MAXIFS(PyPISnapshots[-4 Months Ago2], PyPISnapshots[Company],_xlpm.c, PyPISnapshots[Snapshot Date],_xlpm.d, PyPISnapshots[PyPI Package],_xlpm.p) ))), "" ) )} | M2: {=_xlfn.LET( _xlpm.c,$A2, _xlpm.d,_xlfn.MAXIFS(PyPISnapshots[Snapshot Date],PyPISnapshots[Company],_xlpm.c), _xlpm.pkgs,_xlfn.UNIQUE(_xlfn._xlws.FILTER(PyPISnapshots[PyPI Package], (PyPISnapshots[Company]=_xlpm.c)*(PyPISnapshots[Snapshot Date]=_xlpm.d))), IFERROR( SUM( _xlfn.MAP(_xlpm.pkgs, _xlfn.LAMBDA(_xlpm.p, _xlfn.MAXIFS(PyPISnapshots[-3 Months Ago], PyPISnapshots[Company],_xlpm.c, PyPISnapshots[Snapshot Date],_xlpm.d, PyPISnapshots[PyPI Package],_xlpm.p) ))), "" ) )} | N2: {=_xlfn.LET( _xlpm.c,$A2, _xlpm.d,_xlfn.MAXIFS(PyPISnapshots[Snapshot Date],PyPISnapshots[Company],_xlpm.c), _xlpm.pkgs,_xlfn.UNIQUE(_xlfn._xlws.FILTER(PyPISnapshots[PyPI Package], (PyPISnapshots[Company]=_xlpm.c)*(PyPISnapshots[Snapshot Date]=_xlpm.d))), IFERROR( SUM( _xlfn.MAP(_xlpm.pkgs, _xlfn.LAMBDA(_xlpm.p, _xlfn.MAXIFS(PyPISnapshots[-2 Months Ago], PyPISnapshots[Company],_xlpm.c, PyPISnapshots[Snapshot Date],_xlpm.d, PyPISnapshots[PyPI Package],_xlpm.p) ))), "" ) )} | O2: =(ProxyCalc[[#This Row],[PyPI Downloads (last month)]]/ProxyCalc[[#This Row],[PyPI Downloads (Prev Month)]])-1 | P2: =(ProxyCalc[[#This Row],[PyPI Downloads (last month)]]/ProxyCalc[[#This Row],[PyPI Downloads (Six Months Ago)]])-1 | Q2: =(ProxyCalc[[#This Row],[PyPI Downloads (last month)]]/ProxyCalc[[#This Row],[PyPI Downloads (Three Months Ago)]])-1 | R2: {=_xlfn.LET( _xlpm.d, _xlfn.MAXIFS(TrendsSnapshots[Snapshot Date],TrendsSnapshots[Company],A2), IFERROR(_xlfn.XLOOKUP(1,(TrendsSnapshots[Company]=A2)*(TrendsSnapshots[Snapshot Date]=_xlpm.d),TrendsSnapshots[Trends Index (0-100)]),"") )}
A3: {=IFERROR( _xlfn.LET( _xlpm.filtered, _xlfn.UNIQUE(_xlfn._xlws.FILTER(Config!$A$1:$A$498, Config!$G$1:$G$498="Y")), INDEX(_xlpm.filtered, ROW()-ROW($A$2)+1) ), "" )} | B3: =IFERROR(_xlfn.MAXIFS(GitHubSnapshots[Snapshot Date],GitHubSnapshots[Company],A3),"") | C3: {=IFERROR( _xlfn.XLOOKUP( 1, (GitHubSnapshots[Company]=A3)*(GitHubSnapshots[Snapshot Date]=B3), GitHubSnapshots[Stars] ), "")} | D3: {=_xlfn.LET( _xlpm.c,LOWER(TRIM($A3)), _xlpm.comp,LOWER(TRIM(GitHubSnapshots[Company])), _xlpm.dRaw,_xlfn._xlws.FILTER(GitHubSnapshots[Snapshot Date], _xlpm.comp=_xlpm.c), _xlpm.sAll,_xlfn._xlws.FILTER(GitHubSnapshots[Stars], _xlpm.comp=_xlpm.c), _xlpm.dNum,IF(ISNUMBER(_xlpm.dRaw), _xlpm.dRaw, DATE(LEFT(_xlpm.dRaw,4), MID(_xlpm.dRaw,6,2), MID(_xlpm.dRaw,9,2)) ), _xlpm.latest,MAX(_xlpm.dNum), _xlpm.cutoff,_xlpm.latest-30, _xlpm.dif,ABS(_xlpm.dNum-_xlpm.cutoff), _xlpm.target,INDEX(_xlpm.dNum, MATCH(MIN(_xlpm.dif), _xlpm.dif, 0)), IFERROR(INDEX(_xlpm.sAll, MATCH(_xlpm.target, _xlpm.dNum, 0)),"") )} | E3: =(ProxyCalc[[#This Row],[Stars (latest)]]/ProxyCalc[[#This Row],[Stars (30d ago)]])-1 | F3: {=IFERROR( _xlfn.XLOOKUP( 1, (GitHubSnapshots[Company]=A3)*(GitHubSnapshots[Snapshot Date]=B3), GitHubSnapshots[Forks] ), "")} | G3: {=_xlfn.LET( _xlpm.c,LOWER(TRIM($A3)), _xlpm.comp,LOWER(TRIM(GitHubSnapshots[Company])), _xlpm.dRaw,_xlfn._xlws.FILTER(GitHubSnapshots[Snapshot Date], _xlpm.comp=_xlpm.c), _xlpm.fAll,_xlfn._xlws.FILTER(GitHubSnapshots[Forks], _xlpm.comp=_xlpm.c), _xlpm.dNum,IF(ISNUMBER(_xlpm.dRaw), _xlpm.dRaw, DATE(LEFT(_xlpm.dRaw,4), MID(_xlpm.dRaw,6,2), MID(_xlpm.dRaw,9,2)) ), _xlpm.latest,MAX(_xlpm.dNum), _xlpm.cutoff,_xlpm.latest-30, _xlpm.dif,ABS(_xlpm.dNum-_xlpm.cutoff), _xlpm.target,INDEX(_xlpm.dNum, MATCH(MIN(_xlpm.dif), _xlpm.dif, 0)), IFERROR(INDEX(_xlpm.fAll, MATCH(_xlpm.target, _xlpm.dNum, 0)),"") )} | H3: =(ProxyCalc[[#This Row],[Forks (latest)]]/ProxyCalc[[#This Row],[Forks (30d ago)]])-1 | I3: {=_xlfn.LET( _xlpm.c,$A3, _xlpm.d,_xlfn.MAXIFS(PyPISnapshots[Snapshot Date],PyPISnapshots[Company],_xlpm.c), _xlpm.pkgs,_xlfn.UNIQUE(_xlfn._xlws.FILTER(PyPISnapshots[PyPI Package], (PyPISnapshots[Company]=_xlpm.c)*(PyPISnapshots[Snapshot Date]=_xlpm.d))), IFERROR( SUM( _xlfn.MAP(_xlpm.pkgs, _xlfn.LAMBDA(_xlpm.p, _xlfn.MAXIFS(PyPISnapshots[Downloads Last Month], PyPISnapshots[Company],_xlpm.c, PyPISnapshots[Snapshot Date],_xlpm.d, PyPISnapshots[PyPI Package],_xlpm.p) ))), "" ) )} | J3: {=_xlfn.LET( _xlpm.c,$A3, _xlpm.d,_xlfn.MAXIFS(PyPISnapshots[Snapshot Date],PyPISnapshots[Company],_xlpm.c), _xlpm.pkgs,_xlfn.UNIQUE(_xlfn._xlws.FILTER(PyPISnapshots[PyPI Package], (PyPISnapshots[Company]=_xlpm.c)*(PyPISnapshots[Snapshot Date]=_xlpm.d))), IFERROR( SUM( _xlfn.MAP(_xlpm.pkgs, _xlfn.LAMBDA(_xlpm.p, _xlfn.MAXIFS(PyPISnapshots[Prev Month], PyPISnapshots[Company],_xlpm.c, PyPISnapshots[Snapshot Date],_xlpm.d, PyPISnapshots[PyPI Package],_xlpm.p) ))), "" ) )} | K3: {=_xlfn.LET( _xlpm.c,$A3, _xlpm.d,_xlfn.MAXIFS(PyPISnapshots[Snapshot Date],PyPISnapshots[Company],_xlpm.c), _xlpm.pkgs,_xlfn.UNIQUE(_xlfn._xlws.FILTER(PyPISnapshots[PyPI Package], (PyPISnapshots[Company]=_xlpm.c)*(PyPISnapshots[Snapshot Date]=_xlpm.d))), IFERROR( SUM( _xlfn.MAP(_xlpm.pkgs, _xlfn.LAMBDA(_xlpm.p, _xlfn.MAXIFS(PyPISnapshots[-5 Months Ago], PyPISnapshots[Company],_xlpm.c, PyPISnapshots[Snapshot Date],_xlpm.d, PyPISnapshots[PyPI Package],_xlpm.p) ))), "" ) )} | L3: {=_xlfn.LET( _xlpm.c,$A3, _xlpm.d,_xlfn.MAXIFS(PyPISnapshots[Snapshot Date],PyPISnapshots[Company],_xlpm.c), _xlpm.pkgs,_xlfn.UNIQUE(_xlfn._xlws.FILTER(PyPISnapshots[PyPI Package], (PyPISnapshots[Company]=_xlpm.c)*(PyPISnapshots[Snapshot Date]=_xlpm.d))), IFERROR( SUM( _xlfn.MAP(_xlpm.pkgs, _xlfn.LAMBDA(_xlpm.p, _xlfn.MAXIFS(PyPISnapshots[-4 Months Ago2], PyPISnapshots[Company],_xlpm.c, PyPISnapshots[Snapshot Date],_xlpm.d, PyPISnapshots[PyPI Package],_xlpm.p) ))), "" ) )} | M3: {=_xlfn.LET( _xlpm.c,$A3, _xlpm.d,_xlfn.MAXIFS(PyPISnapshots[Snapshot Date],PyPISnapshots[Company],_xlpm.c), _xlpm.pkgs,_xlfn.UNIQUE(_xlfn._xlws.FILTER(PyPISnapshots[PyPI Package], (PyPISnapshots[Company]=_xlpm.c)*(PyPISnapshots[Snapshot Date]=_xlpm.d))), IFERROR( SUM( _xlfn.MAP(_xlpm.pkgs, _xlfn.LAMBDA(_xlpm.p, _xlfn.MAXIFS(PyPISnapshots[-3 Months Ago], PyPISnapshots[Company],_xlpm.c, PyPISnapshots[Snapshot Date],_xlpm.d, PyPISnapshots[PyPI Package],_xlpm.p) ))), "" ) )} | N3: {=_xlfn.LET( _xlpm.c,$A3, _xlpm.d,_xlfn.MAXIFS(PyPISnapshots[Snapshot Date],PyPISnapshots[Company],_xlpm.c), _xlpm.pkgs,_xlfn.UNIQUE(_xlfn._xlws.FILTER(PyPISnapshots[PyPI Package], (PyPISnapshots[Company]=_xlpm.c)*(PyPISnapshots[Snapshot Date]=_xlpm.d))), IFERROR( SUM( _xlfn.MAP(_xlpm.pkgs, _xlfn.LAMBDA(_xlpm.p, _xlfn.MAXIFS(PyPISnapshots[-2 Months Ago], PyPISnapshots[Company],_xlpm.c, PyPISnapshots[Snapshot Date],_xlpm.d, PyPISnapshots[PyPI Package],_xlpm.p) ))), "" ) )} | O3: =(ProxyCalc[[#This Row],[PyPI Downloads (last month)]]/ProxyCalc[[#This Row],[PyPI Downloads (Prev Month)]])-1 | P3: =(ProxyCalc[[#This Row],[PyPI Downloads (last month)]]/ProxyCalc[[#This Row],[PyPI Downloads (Six Months Ago)]])-1 | Q3: =(ProxyCalc[[#This Row],[PyPI Downloads (last month)]]/ProxyCalc[[#This Row],[PyPI Downloads (Three Months Ago)]])-1 | R3: {=_xlfn.LET( _xlpm.d, _xlfn.MAXIFS(TrendsSnapshots[Snapshot Date],TrendsSnapshots[Company],A3), IFERROR(_xlfn.XLOOKUP(1,(TrendsSnapshots[Company]=A3)*(TrendsSnapshots[Snapshot Date]=_xlpm.d),TrendsSnapshots[Trends Index (0-100)]),"") )}
A4: {=IFERROR( _xlfn.LET( _xlpm.filtered, _xlfn.UNIQUE(_xlfn._xlws.FILTER(Config!$A$1:$A$498, Config!$G$1:$G$498="Y")), INDEX(_xlpm.filtered, ROW()-ROW($A$2)+1) ), "" )} | B4: =IFERROR(_xlfn.MAXIFS(GitHubSnapshots[Snapshot Date],GitHubSnapshots[Company],A4),"") | C4: {=IFERROR( _xlfn.XLOOKUP( 1, (GitHubSnapshots[Company]=A4)*(GitHubSnapshots[Snapshot Date]=B4), GitHubSnapshots[Stars] ), "")} | D4: {=_xlfn.LET( _xlpm.c,LOWER(TRIM($A4)), _xlpm.comp,LOWER(TRIM(GitHubSnapshots[Company])), _xlpm.dRaw,_xlfn._xlws.FILTER(GitHubSnapshots[Snapshot Date], _xlpm.comp=_xlpm.c), _xlpm.sAll,_xlfn._xlws.FILTER(GitHubSnapshots[Stars], _xlpm.comp=_xlpm.c), _xlpm.dNum,IF(ISNUMBER(_xlpm.dRaw), _xlpm.dRaw, DATE(LEFT(_xlpm.dRaw,4), MID(_xlpm.dRaw,6,2), MID(_xlpm.dRaw,9,2)) ), _xlpm.latest,MAX(_xlpm.dNum), _xlpm.cutoff,_xlpm.latest-30, _xlpm.dif,ABS(_xlpm.dNum-_xlpm.cutoff), _xlpm.target,INDEX(_xlpm.dNum, MATCH(MIN(_xlpm.dif), _xlpm.dif, 0)), IFERROR(INDEX(_xlpm.sAll, MATCH(_xlpm.target, _xlpm.dNum, 0)),"") )} | E4: =(ProxyCalc[[#This Row],[Stars (latest)]]/ProxyCalc[[#This Row],[Stars (30d ago)]])-1 | F4: {=IFERROR( _xlfn.XLOOKUP( 1, (GitHubSnapshots[Company]=A4)*(GitHubSnapshots[Snapshot Date]=B4), GitHubSnapshots[Forks] ), "")} | G4: {=_xlfn.LET( _xlpm.c,LOWER(TRIM($A4)), _xlpm.comp,LOWER(TRIM(GitHubSnapshots[Company])), _xlpm.dRaw,_xlfn._xlws.FILTER(GitHubSnapshots[Snapshot Date], _xlpm.comp=_xlpm.c), _xlpm.fAll,_xlfn._xlws.FILTER(GitHubSnapshots[Forks], _xlpm.comp=_xlpm.c), _xlpm.dNum,IF(ISNUMBER(_xlpm.dRaw), _xlpm.dRaw, DATE(LEFT(_xlpm.dRaw,4), MID(_xlpm.dRaw,6,2), MID(_xlpm.dRaw,9,2)) ), _xlpm.latest,MAX(_xlpm.dNum), _xlpm.cutoff,_xlpm.latest-30, _xlpm.dif,ABS(_xlpm.dNum-_xlpm.cutoff), _xlpm.target,INDEX(_xlpm.dNum, MATCH(MIN(_xlpm.dif), _xlpm.dif, 0)), IFERROR(INDEX(_xlpm.fAll, MATCH(_xlpm.target, _xlpm.dNum, 0)),"") )} | H4: =(ProxyCalc[[#This Row],[Forks (latest)]]/ProxyCalc[[#This Row],[Forks (30d ago)]])-1 | I4: {=_xlfn.LET( _xlpm.c,$A4, _xlpm.d,_xlfn.MAXIFS(PyPISnapshots[Snapshot Date],PyPISnapshots[Company],_xlpm.c), _xlpm.pkgs,_xlfn.UNIQUE(_xlfn._xlws.FILTER(PyPISnapshots[PyPI Package], (PyPISnapshots[Company]=_xlpm.c)*(PyPISnapshots[Snapshot Date]=_xlpm.d))), IFERROR( SUM( _xlfn.MAP(_xlpm.pkgs, _xlfn.LAMBDA(_xlpm.p, _xlfn.MAXIFS(PyPISnapshots[Downloads Last Month], PyPISnapshots[Company],_xlpm.c, PyPISnapshots[Snapshot Date],_xlpm.d, PyPISnapshots[PyPI Package],_xlpm.p) ))), "" ) )} | J4: {=_xlfn.LET( _xlpm.c,$A4, _xlpm.d,_xlfn.MAXIFS(PyPISnapshots[Snapshot Date],PyPISnapshots[Company],_xlpm.c), _xlpm.pkgs,_xlfn.UNIQUE(_xlfn._xlws.FILTER(PyPISnapshots[PyPI Package], (PyPISnapshots[Company]=_xlpm.c)*(PyPISnapshots[Snapshot Date]=_xlpm.d))), IFERROR( SUM( _xlfn.MAP(_xlpm.pkgs, _xlfn.LAMBDA(_xlpm.p, _xlfn.MAXIFS(PyPISnapshots[Prev Month], PyPISnapshots[Company],_xlpm.c, PyPISnapshots[Snapshot Date],_xlpm.d, PyPISnapshots[PyPI Package],_xlpm.p) ))), "" ) )} | K4: {=_xlfn.LET( _xlpm.c,$A4, _xlpm.d,_xlfn.MAXIFS(PyPISnapshots[Snapshot Date],PyPISnapshots[Company],_xlpm.c), _xlpm.pkgs,_xlfn.UNIQUE(_xlfn._xlws.FILTER(PyPISnapshots[PyPI Package], (PyPISnapshots[Company]=_xlpm.c)*(PyPISnapshots[Snapshot Date]=_xlpm.d))), IFERROR( SUM( _xlfn.MAP(_xlpm.pkgs, _xlfn.LAMBDA(_xlpm.p, _xlfn.MAXIFS(PyPISnapshots[-5 Months Ago], PyPISnapshots[Company],_xlpm.c, PyPISnapshots[Snapshot Date],_xlpm.d, PyPISnapshots[PyPI Package],_xlpm.p) ))), "" ) )} | L4: {=_xlfn.LET( _xlpm.c,$A4, _xlpm.d,_xlfn.MAXIFS(PyPISnapshots[Snapshot Date],PyPISnapshots[Company],_xlpm.c), _xlpm.pkgs,_xlfn.UNIQUE(_xlfn._xlws.FILTER(PyPISnapshots[PyPI Package], (PyPISnapshots[Company]=_xlpm.c)*(PyPISnapshots[Snapshot Date]=_xlpm.d))), IFERROR( SUM( _xlfn.MAP(_xlpm.pkgs, _xlfn.LAMBDA(_xlpm.p, _xlfn.MAXIFS(PyPISnapshots[-4 Months Ago2], PyPISnapshots[Company],_xlpm.c, PyPISnapshots[Snapshot Date],_xlpm.d, PyPISnapshots[PyPI Package],_xlpm.p) ))), "" ) )} | M4: {=_xlfn.LET( _xlpm.c,$A4, _xlpm.d,_xlfn.MAXIFS(PyPISnapshots[Snapshot Date],PyPISnapshots[Company],_xlpm.c), _xlpm.pkgs,_xlfn.UNIQUE(_xlfn._xlws.FILTER(PyPISnapshots[PyPI Package], (PyPISnapshots[Company]=_xlpm.c)*(PyPISnapshots[Snapshot Date]=_xlpm.d))), IFERROR( SUM( _xlfn.MAP(_xlpm.pkgs, _xlfn.LAMBDA(_xlpm.p, _xlfn.MAXIFS(PyPISnapshots[-3 Months Ago], PyPISnapshots[Company],_xlpm.c, PyPISnapshots[Snapshot Date],_xlpm.d, PyPISnapshots[PyPI Package],_xlpm.p) ))), "" ) )} | N4: {=_xlfn.LET( _xlpm.c,$A4, _xlpm.d,_xlfn.MAXIFS(PyPISnapshots[Snapshot Date],PyPISnapshots[Company],_xlpm.c), _xlpm.pkgs,_xlfn.UNIQUE(_xlfn._xlws.FILTER(PyPISnapshots[PyPI Package], (PyPISnapshots[Company]=_xlpm.c)*(PyPISnapshots[Snapshot Date]=_xlpm.d))), IFERROR( SUM( _xlfn.MAP(_xlpm.pkgs, _xlfn.LAMBDA(_xlpm.p, _xlfn.MAXIFS(PyPISnapshots[-2 Months Ago], PyPISnapshots[Company],_xlpm.c, PyPISnapshots[Snapshot Date],_xlpm.d, PyPISnapshots[PyPI Package],_xlpm.p) ))), "" ) )} | O4: =(ProxyCalc[[#This Row],[PyPI Downloads (last month)]]/ProxyCalc[[#This Row],[PyPI Downloads (Prev Month)]])-1 | P4: =(ProxyCalc[[#This Row],[PyPI Downloads (last month)]]/ProxyCalc[[#This Row],[PyPI Downloads (Six Months Ago)]])-1 | Q4: =(ProxyCalc[[#This Row],[PyPI Downloads (last month)]]/ProxyCalc[[#This Row],[PyPI Downloads (Three Months Ago)]])-1 | R4: {=_xlfn.LET( _xlpm.d, _xlfn.MAXIFS(TrendsSnapshots[Snapshot Date],TrendsSnapshots[Company],A4), IFERROR(_xlfn.XLOOKUP(1,(TrendsSnapshots[Company]=A4)*(TrendsSnapshots[Snapshot Date]=_xlpm.d),TrendsSnapshots[Trends Index (0-100)]),"") )}
A5: {=IFERROR( _xlfn.LET( _xlpm.filtered, _xlfn.UNIQUE(_xlfn._xlws.FILTER(Config!$A$1:$A$498, Config!$G$1:$G$498="Y")), INDEX(_xlpm.filtered, ROW()-ROW($A$2)+1) ), "" )} | B5: =IFERROR(_xlfn.MAXIFS(GitHubSnapshots[Snapshot Date],GitHubSnapshots[Company],A5),"") | C5: {=IFERROR( _xlfn.XLOOKUP( 1, (GitHubSnapshots[Company]=A5)*(GitHubSnapshots[Snapshot Date]=B5), GitHubSnapshots[Stars] ), "")} | D5: {=_xlfn.LET( _xlpm.c,LOWER(TRIM($A5)), _xlpm.comp,LOWER(TRIM(GitHubSnapshots[Company])), _xlpm.dRaw,_xlfn._xlws.FILTER(GitHubSnapshots[Snapshot Date], _xlpm.comp=_xlpm.c), _xlpm.sAll,_xlfn._xlws.FILTER(GitHubSnapshots[Stars], _xlpm.comp=_xlpm.c), _xlpm.dNum,IF(ISNUMBER(_xlpm.dRaw), _xlpm.dRaw, DATE(LEFT(_xlpm.dRaw,4), MID(_xlpm.dRaw,6,2), MID(_xlpm.dRaw,9,2)) ), _xlpm.latest,MAX(_xlpm.dNum), _xlpm.cutoff,_xlpm.latest-30, _xlpm.dif,ABS(_xlpm.dNum-_xlpm.cutoff), _xlpm.target,INDEX(_xlpm.dNum, MATCH(MIN(_xlpm.dif), _xlpm.dif, 0)), IFERROR(INDEX(_xlpm.sAll, MATCH(_xlpm.target, _xlpm.dNum, 0)),"") )} | E5: =(ProxyCalc[[#This Row],[Stars (latest)]]/ProxyCalc[[#This Row],[Stars (30d ago)]])-1 | F5: {=IFERROR( _xlfn.XLOOKUP( 1, (GitHubSnapshots[Company]=A5)*(GitHubSnapshots[Snapshot Date]=B5), GitHubSnapshots[Forks] ), "")} | G5: {=_xlfn.LET( _xlpm.c,LOWER(TRIM($A5)), _xlpm.comp,LOWER(TRIM(GitHubSnapshots[Company])), _xlpm.dRaw,_xlfn._xlws.FILTER(GitHubSnapshots[Snapshot Date], _xlpm.comp=_xlpm.c), _xlpm.fAll,_xlfn._xlws.FILTER(GitHubSnapshots[Forks], _xlpm.comp=_xlpm.c), _xlpm.dNum,IF(ISNUMBER(_xlpm.dRaw), _xlpm.dRaw, DATE(LEFT(_xlpm.dRaw,4), MID(_xlpm.dRaw,6,2), MID(_xlpm.dRaw,9,2)) ), _xlpm.latest,MAX(_xlpm.dNum), _xlpm.cutoff,_xlpm.latest-30, _xlpm.dif,ABS(_xlpm.dNum-_xlpm.cutoff), _xlpm.target,INDEX(_xlpm.dNum, MATCH(MIN(_xlpm.dif), _xlpm.dif, 0)), IFERROR(INDEX(_xlpm.fAll, MATCH(_xlpm.target, _xlpm.dNum, 0)),"") )} | H5: =(ProxyCalc[[#This Row],[Forks (latest)]]/ProxyCalc[[#This Row],[Forks (30d ago)]])-1 | I5: {=_xlfn.LET( _xlpm.c,$A5, _xlpm.d,_xlfn.MAXIFS(PyPISnapshots[Snapshot Date],PyPISnapshots[Company],_xlpm.c), _xlpm.pkgs,_xlfn.UNIQUE(_xlfn._xlws.FILTER(PyPISnapshots[PyPI Package], (PyPISnapshots[Company]=_xlpm.c)*(PyPISnapshots[Snapshot Date]=_xlpm.d))), IFERROR( SUM( _xlfn.MAP(_xlpm.pkgs, _xlfn.LAMBDA(_xlpm.p, _xlfn.MAXIFS(PyPISnapshots[Downloads Last Month], PyPISnapshots[Company],_xlpm.c, PyPISnapshots[Snapshot Date],_xlpm.d, PyPISnapshots[PyPI Package],_xlpm.p) ))), "" ) )} | J5: {=_xlfn.LET( _xlpm.c,$A5, _xlpm.d,_xlfn.MAXIFS(PyPISnapshots[Snapshot Date],PyPISnapshots[Company],_xlpm.c), _xlpm.pkgs,_xlfn.UNIQUE(_xlfn._xlws.FILTER(PyPISnapshots[PyPI Package], (PyPISnapshots[Company]=_xlpm.c)*(PyPISnapshots[Snapshot Date]=_xlpm.d))), IFERROR( SUM( _xlfn.MAP(_xlpm.pkgs, _xlfn.LAMBDA(_xlpm.p, _xlfn.MAXIFS(PyPISnapshots[Prev Month], PyPISnapshots[Company],_xlpm.c, PyPISnapshots[Snapshot Date],_xlpm.d, PyPISnapshots[PyPI Package],_xlpm.p) ))), "" ) )} | K5: {=_xlfn.LET( _xlpm.c,$A5, _xlpm.d,_xlfn.MAXIFS(PyPISnapshots[Snapshot Date],PyPISnapshots[Company],_xlpm.c), _xlpm.pkgs,_xlfn.UNIQUE(_xlfn._xlws.FILTER(PyPISnapshots[PyPI Package], (PyPISnapshots[Company]=_xlpm.c)*(PyPISnapshots[Snapshot Date]=_xlpm.d))), IFERROR( SUM( _xlfn.MAP(_xlpm.pkgs, _xlfn.LAMBDA(_xlpm.p, _xlfn.MAXIFS(PyPISnapshots[-5 Months Ago], PyPISnapshots[Company],_xlpm.c, PyPISnapshots[Snapshot Date],_xlpm.d, PyPISnapshots[PyPI Package],_xlpm.p) ))), "" ) )} | L5: {=_xlfn.LET( _xlpm.c,$A5, _xlpm.d,_xlfn.MAXIFS(PyPISnapshots[Snapshot Date],PyPISnapshots[Company],_xlpm.c), _xlpm.pkgs,_xlfn.UNIQUE(_xlfn._xlws.FILTER(PyPISnapshots[PyPI Package], (PyPISnapshots[Company]=_xlpm.c)*(PyPISnapshots[Snapshot Date]=_xlpm.d))), IFERROR( SUM( _xlfn.MAP(_xlpm.pkgs, _xlfn.LAMBDA(_xlpm.p, _xlfn.MAXIFS(PyPISnapshots[-4 Months Ago2], PyPISnapshots[Company],_xlpm.c, PyPISnapshots[Snapshot Date],_xlpm.d, PyPISnapshots[PyPI Package],_xlpm.p) ))), "" ) )} | M5: {=_xlfn.LET( _xlpm.c,$A5, _xlpm.d,_xlfn.MAXIFS(PyPISnapshots[Snapshot Date],PyPISnapshots[Company],_xlpm.c), _xlpm.pkgs,_xlfn.UNIQUE(_xlfn._xlws.FILTER(PyPISnapshots[PyPI Package], (PyPISnapshots[Company]=_xlpm.c)*(PyPISnapshots[Snapshot Date]=_xlpm.d))), IFERROR( SUM( _xlfn.MAP(_xlpm.pkgs, _xlfn.LAMBDA(_xlpm.p, _xlfn.MAXIFS(PyPISnapshots[-3 Months Ago], PyPISnapshots[Company],_xlpm.c, PyPISnapshots[Snapshot Date],_xlpm.d, PyPISnapshots[PyPI Package],_xlpm.p) ))), "" ) )} | N5: {=_xlfn.LET( _xlpm.c,$A5, _xlpm.d,_xlfn.MAXIFS(PyPISnapshots[Snapshot Date],PyPISnapshots[Company],_xlpm.c), _xlpm.pkgs,_xlfn.UNIQUE(_xlfn._xlws.FILTER(PyPISnapshots[PyPI Package], (PyPISnapshots[Company]=_xlpm.c)*(PyPISnapshots[Snapshot Date]=_xlpm.d))), IFERROR( SUM( _xlfn.MAP(_xlpm.pkgs, _xlfn.LAMBDA(_xlpm.p, _xlfn.MAXIFS(PyPISnapshots[-2 Months Ago], PyPISnapshots[Company],_xlpm.c, PyPISnapshots[Snapshot Date],_xlpm.d, PyPISnapshots[PyPI Package],_xlpm.p) ))), "" ) )} | O5: =(ProxyCalc[[#This Row],[PyPI Downloads (last month)]]/ProxyCalc[[#This Row],[PyPI Downloads (Prev Month)]])-1 | P5: =(ProxyCalc[[#This Row],[PyPI Downloads (last month)]]/ProxyCalc[[#This Row],[PyPI Downloads (Six Months Ago)]])-1 | Q5: =(ProxyCalc[[#This Row],[PyPI Downloads (last month)]]/ProxyCalc[[#This Row],[PyPI Downloads (Three Months Ago)]])-1 | R5: {=_xlfn.LET( _xlpm.d, _xlfn.MAXIFS(TrendsSnapshots[Snapshot Date],TrendsSnapshots[Company],A5), IFERROR(_xlfn.XLOOKUP(1,(TrendsSnapshots[Company]=A5)*(TrendsSnapshots[Snapshot Date]=_xlpm.d),TrendsSnapshots[Trends Index (0-100)]),"") )}
A6: {=IFERROR( _xlfn.LET( _xlpm.filtered, _xlfn.UNIQUE(_xlfn._xlws.FILTER(Config!$A$1:$A$498, Config!$G$1:$G$498="Y")), INDEX(_xlpm.filtered, ROW()-ROW($A$2)+1) ), "" )} | B6: =IFERROR(_xlfn.MAXIFS(GitHubSnapshots[Snapshot Date],GitHubSnapshots[Company],A6),"") | C6: {=IFERROR( _xlfn.XLOOKUP( 1, (GitHubSnapshots[Company]=A6)*(GitHubSnapshots[Snapshot Date]=B6), GitHubSnapshots[Stars] ), "")} | D6: {=_xlfn.LET( _xlpm.c,LOWER(TRIM($A6)), _xlpm.comp,LOWER(TRIM(GitHubSnapshots[Company])), _xlpm.dRaw,_xlfn._xlws.FILTER(GitHubSnapshots[Snapshot Date], _xlpm.comp=_xlpm.c), _xlpm.sAll,_xlfn._xlws.FILTER(GitHubSnapshots[Stars], _xlpm.comp=_xlpm.c), _xlpm.dNum,IF(ISNUMBER(_xlpm.dRaw), _xlpm.dRaw, DATE(LEFT(_xlpm.dRaw,4), MID(_xlpm.dRaw,6,2), MID(_xlpm.dRaw,9,2)) ), _xlpm.latest,MAX(_xlpm.dNum), _xlpm.cutoff,_xlpm.latest-30, _xlpm.dif,ABS(_xlpm.dNum-_xlpm.cutoff), _xlpm.target,INDEX(_xlpm.dNum, MATCH(MIN(_xlpm.dif), _xlpm.dif, 0)), IFERROR(INDEX(_xlpm.sAll, MATCH(_xlpm.target, _xlpm.dNum, 0)),"") )} | E6: =(ProxyCalc[[#This Row],[Stars (latest)]]/ProxyCalc[[#This Row],[Stars (30d ago)]])-1 | F6: {=IFERROR( _xlfn.XLOOKUP( 1, (GitHubSnapshots[Company]=A6)*(GitHubSnapshots[Snapshot Date]=B6), GitHubSnapshots[Forks] ), "")} | G6: {=_xlfn.LET( _xlpm.c,LOWER(TRIM($A6)), _xlpm.comp,LOWER(TRIM(GitHubSnapshots[Company])), _xlpm.dRaw,_xlfn._xlws.FILTER(GitHubSnapshots[Snapshot Date], _xlpm.comp=_xlpm.c), _xlpm.fAll,_xlfn._xlws.FILTER(GitHubSnapshots[Forks], _xlpm.comp=_xlpm.c), _xlpm.dNum,IF(ISNUMBER(_xlpm.dRaw), _xlpm.dRaw, DATE(LEFT(_xlpm.dRaw,4), MID(_xlpm.dRaw,6,2), MID(_xlpm.dRaw,9,2)) ), _xlpm.latest,MAX(_xlpm.dNum), _xlpm.cutoff,_xlpm.latest-30, _xlpm.dif,ABS(_xlpm.dNum-_xlpm.cutoff), _xlpm.target,INDEX(_xlpm.dNum, MATCH(MIN(_xlpm.dif), _xlpm.dif, 0)), IFERROR(INDEX(_xlpm.fAll, MATCH(_xlpm.target, _xlpm.dNum, 0)),"") )} | H6: =(ProxyCalc[[#This Row],[Forks (latest)]]/ProxyCalc[[#This Row],[Forks (30d ago)]])-1 | I6: {=_xlfn.LET( _xlpm.c,$A6, _xlpm.d,_xlfn.MAXIFS(PyPISnapshots[Snapshot Date],PyPISnapshots[Company],_xlpm.c), _xlpm.pkgs,_xlfn.UNIQUE(_xlfn._xlws.FILTER(PyPISnapshots[PyPI Package], (PyPISnapshots[Company]=_xlpm.c)*(PyPISnapshots[Snapshot Date]=_xlpm.d))), IFERROR( SUM( _xlfn.MAP(_xlpm.pkgs, _xlfn.LAMBDA(_xlpm.p, _xlfn.MAXIFS(PyPISnapshots[Downloads Last Month], PyPISnapshots[Company],_xlpm.c, PyPISnapshots[Snapshot Date],_xlpm.d, PyPISnapshots[PyPI Package],_xlpm.p) ))), "" ) )} | J6: {=_xlfn.LET( _xlpm.c,$A6, _xlpm.d,_xlfn.MAXIFS(PyPISnapshots[Snapshot Date],PyPISnapshots[Company],_xlpm.c), _xlpm.pkgs,_xlfn.UNIQUE(_xlfn._xlws.FILTER(PyPISnapshots[PyPI Package], (PyPISnapshots[Company]=_xlpm.c)*(PyPISnapshots[Snapshot Date]=_xlpm.d))), IFERROR( SUM( _xlfn.MAP(_xlpm.pkgs, _xlfn.LAMBDA(_xlpm.p, _xlfn.MAXIFS(PyPISnapshots[Prev Month], PyPISnapshots[Company],_xlpm.c, PyPISnapshots[Snapshot Date],_xlpm.d, PyPISnapshots[PyPI Package],_xlpm.p) ))), "" ) )} | K6: {=_xlfn.LET( _xlpm.c,$A6, _xlpm.d,_xlfn.MAXIFS(PyPISnapshots[Snapshot Date],PyPISnapshots[Company],_xlpm.c), _xlpm.pkgs,_xlfn.UNIQUE(_xlfn._xlws.FILTER(PyPISnapshots[PyPI Package], (PyPISnapshots[Company]=_xlpm.c)*(PyPISnapshots[Snapshot Date]=_xlpm.d))), IFERROR( SUM( _xlfn.MAP(_xlpm.pkgs, _xlfn.LAMBDA(_xlpm.p, _xlfn.MAXIFS(PyPISnapshots[-5 Months Ago], PyPISnapshots[Company],_xlpm.c, PyPISnapshots[Snapshot Date],_xlpm.d, PyPISnapshots[PyPI Package],_xlpm.p) ))), "" ) )} | L6: {=_xlfn.LET( _xlpm.c,$A6, _xlpm.d,_xlfn.MAXIFS(PyPISnapshots[Snapshot Date],PyPISnapshots[Company],_xlpm.c), _xlpm.pkgs,_xlfn.UNIQUE(_xlfn._xlws.FILTER(PyPISnapshots[PyPI Package], (PyPISnapshots[Company]=_xlpm.c)*(PyPISnapshots[Snapshot Date]=_xlpm.d))), IFERROR( SUM( _xlfn.MAP(_xlpm.pkgs, _xlfn.LAMBDA(_xlpm.p, _xlfn.MAXIFS(PyPISnapshots[-4 Months Ago2], PyPISnapshots[Company],_xlpm.c, PyPISnapshots[Snapshot Date],_xlpm.d, PyPISnapshots[PyPI Package],_xlpm.p) ))), "" ) )} | M6: {=_xlfn.LET( _xlpm.c,$A6, _xlpm.d,_xlfn.MAXIFS(PyPISnapshots[Snapshot Date],PyPISnapshots[Company],_xlpm.c), _xlpm.pkgs,_xlfn.UNIQUE(_xlfn._xlws.FILTER(PyPISnapshots[PyPI Package], (PyPISnapshots[Company]=_xlpm.c)*(PyPISnapshots[Snapshot Date]=_xlpm.d))), IFERROR( SUM( _xlfn.MAP(_xlpm.pkgs, _xlfn.LAMBDA(_xlpm.p, _xlfn.MAXIFS(PyPISnapshots[-3 Months Ago], PyPISnapshots[Company],_xlpm.c, PyPISnapshots[Snapshot Date],_xlpm.d, PyPISnapshots[PyPI Package],_xlpm.p) ))), "" ) )} | N6: {=_xlfn.LET( _xlpm.c,$A6, _xlpm.d,_xlfn.MAXIFS(PyPISnapshots[Snapshot Date],PyPISnapshots[Company],_xlpm.c), _xlpm.pkgs,_xlfn.UNIQUE(_xlfn._xlws.FILTER(PyPISnapshots[PyPI Package], (PyPISnapshots[Company]=_xlpm.c)*(PyPISnapshots[Snapshot Date]=_xlpm.d))), IFERROR( SUM( _xlfn.MAP(_xlpm.pkgs, _xlfn.LAMBDA(_xlpm.p, _xlfn.MAXIFS(PyPISnapshots[-2 Months Ago], PyPISnapshots[Company],_xlpm.c, PyPISnapshots[Snapshot Date],_xlpm.d, PyPISnapshots[PyPI Package],_xlpm.p) ))), "" ) )} | O6: =(ProxyCalc[[#This Row],[PyPI Downloads (last month)]]/ProxyCalc[[#This Row],[PyPI Downloads (Prev Month)]])-1 | P6: =(ProxyCalc[[#This Row],[PyPI Downloads (last month)]]/ProxyCalc[[#This Row],[PyPI Downloads (Six Months Ago)]])-1 | Q6: =(ProxyCalc[[#This Row],[PyPI Downloads (last month)]]/ProxyCalc[[#This Row],[PyPI Downloads (Three Months Ago)]])-1 | R6: {=_xlfn.LET( _xlpm.d, _xlfn.MAXIFS(TrendsSnapshots[Snapshot Date],TrendsSnapshots[Company],A6), IFERROR(_xlfn.XLOOKUP(1,(TrendsSnapshots[Company]=A6)*(TrendsSnapshots[Snapshot Date]=_xlpm.d),TrendsSnapshots[Trends Index (0-100)]),"") )}
A7: {=IFERROR( _xlfn.LET( _xlpm.filtered, _xlfn.UNIQUE(_xlfn._xlws.FILTER(Config!$A$1:$A$498, Config!$G$1:$G$498="Y")), INDEX(_xlpm.filtered, ROW()-ROW($A$2)+1) ), "" )} | B7: =IFERROR(_xlfn.MAXIFS(GitHubSnapshots[Snapshot Date],GitHubSnapshots[Company],A7),"") | C7: {=IFERROR( _xlfn.XLOOKUP( 1, (GitHubSnapshots[Company]=A7)*(GitHubSnapshots[Snapshot Date]=B7), GitHubSnapshots[Stars] ), "")} | D7: {=_xlfn.LET( _xlpm.c,LOWER(TRIM($A7)), _xlpm.comp,LOWER(TRIM(GitHubSnapshots[Company])), _xlpm.dRaw,_xlfn._xlws.FILTER(GitHubSnapshots[Snapshot Date], _xlpm.comp=_xlpm.c), _xlpm.sAll,_xlfn._xlws.FILTER(GitHubSnapshots[Stars], _xlpm.comp=_xlpm.c), _xlpm.dNum,IF(ISNUMBER(_xlpm.dRaw), _xlpm.dRaw, DATE(LEFT(_xlpm.dRaw,4), MID(_xlpm.dRaw,6,2), MID(_xlpm.dRaw,9,2)) ), _xlpm.latest,MAX(_xlpm.dNum), _xlpm.cutoff,_xlpm.latest-30, _xlpm.dif,ABS(_xlpm.dNum-_xlpm.cutoff), _xlpm.target,INDEX(_xlpm.dNum, MATCH(MIN(_xlpm.dif), _xlpm.dif, 0)), IFERROR(INDEX(_xlpm.sAll, MATCH(_xlpm.target, _xlpm.dNum, 0)),"") )} | E7: =(ProxyCalc[[#This Row],[Stars (latest)]]/ProxyCalc[[#This Row],[Stars (30d ago)]])-1 | F7: {=IFERROR( _xlfn.XLOOKUP( 1, (GitHubSnapshots[Company]=A7)*(GitHubSnapshots[Snapshot Date]=B7), GitHubSnapshots[Forks] ), "")} | G7: {=_xlfn.LET( _xlpm.c,LOWER(TRIM($A7)), _xlpm.comp,LOWER(TRIM(GitHubSnapshots[Company])), _xlpm.dRaw,_xlfn._xlws.FILTER(GitHubSnapshots[Snapshot Date], _xlpm.comp=_xlpm.c), _xlpm.fAll,_xlfn._xlws.FILTER(GitHubSnapshots[Forks], _xlpm.comp=_xlpm.c), _xlpm.dNum,IF(ISNUMBER(_xlpm.dRaw), _xlpm.dRaw, DATE(LEFT(_xlpm.dRaw,4), MID(_xlpm.dRaw,6,2), MID(_xlpm.dRaw,9,2)) ), _xlpm.latest,MAX(_xlpm.dNum), _xlpm.cutoff,_xlpm.latest-30, _xlpm.dif,ABS(_xlpm.dNum-_xlpm.cutoff), _xlpm.target,INDEX(_xlpm.dNum, MATCH(MIN(_xlpm.dif), _xlpm.dif, 0)), IFERROR(INDEX(_xlpm.fAll, MATCH(_xlpm.target, _xlpm.dNum, 0)),"") )} | H7: =(ProxyCalc[[#This Row],[Forks (latest)]]/ProxyCalc[[#This Row],[Forks (30d ago)]])-1 | I7: {=_xlfn.LET( _xlpm.c,$A7, _xlpm.d,_xlfn.MAXIFS(PyPISnapshots[Snapshot Date],PyPISnapshots[Company],_xlpm.c), _xlpm.pkgs,_xlfn.UNIQUE(_xlfn._xlws.FILTER(PyPISnapshots[PyPI Package], (PyPISnapshots[Company]=_xlpm.c)*(PyPISnapshots[Snapshot Date]=_xlpm.d))), IFERROR( SUM( _xlfn.MAP(_xlpm.pkgs, _xlfn.LAMBDA(_xlpm.p, _xlfn.MAXIFS(PyPISnapshots[Downloads Last Month], PyPISnapshots[Company],_xlpm.c, PyPISnapshots[Snapshot Date],_xlpm.d, PyPISnapshots[PyPI Package],_xlpm.p) ))), "" ) )} | J7: {=_xlfn.LET( _xlpm.c,$A7, _xlpm.d,_xlfn.MAXIFS(PyPISnapshots[Snapshot Date],PyPISnapshots[Company],_xlpm.c), _xlpm.pkgs,_xlfn.UNIQUE(_xlfn._xlws.FILTER(PyPISnapshots[PyPI Package], (PyPISnapshots[Company]=_xlpm.c)*(PyPISnapshots[Snapshot Date]=_xlpm.d))), IFERROR( SUM( _xlfn.MAP(_xlpm.pkgs, _xlfn.LAMBDA(_xlpm.p, _xlfn.MAXIFS(PyPISnapshots[Prev Month], PyPISnapshots[Company],_xlpm.c, PyPISnapshots[Snapshot Date],_xlpm.d, PyPISnapshots[PyPI Package],_xlpm.p) ))), "" ) )} | K7: {=_xlfn.LET( _xlpm.c,$A7, _xlpm.d,_xlfn.MAXIFS(PyPISnapshots[Snapshot Date],PyPISnapshots[Company],_xlpm.c), _xlpm.pkgs,_xlfn.UNIQUE(_xlfn._xlws.FILTER(PyPISnapshots[PyPI Package], (PyPISnapshots[Company]=_xlpm.c)*(PyPISnapshots[Snapshot Date]=_xlpm.d))), IFERROR( SUM( _xlfn.MAP(_xlpm.pkgs, _xlfn.LAMBDA(_xlpm.p, _xlfn.MAXIFS(PyPISnapshots[-5 Months Ago], PyPISnapshots[Company],_xlpm.c, PyPISnapshots[Snapshot Date],_xlpm.d, PyPISnapshots[PyPI Package],_xlpm.p) ))), "" ) )} | L7: {=_xlfn.LET( _xlpm.c,$A7, _xlpm.d,_xlfn.MAXIFS(PyPISnapshots[Snapshot Date],PyPISnapshots[Company],_xlpm.c), _xlpm.pkgs,_xlfn.UNIQUE(_xlfn._xlws.FILTER(PyPISnapshots[PyPI Package], (PyPISnapshots[Company]=_xlpm.c)*(PyPISnapshots[Snapshot Date]=_xlpm.d))), IFERROR( SUM( _xlfn.MAP(_xlpm.pkgs, _xlfn.LAMBDA(_xlpm.p, _xlfn.MAXIFS(PyPISnapshots[-4 Months Ago2], PyPISnapshots[Company],_xlpm.c, PyPISnapshots[Snapshot Date],_xlpm.d, PyPISnapshots[PyPI Package],_xlpm.p) ))), "" ) )} | M7: {=_xlfn.LET( _xlpm.c,$A7, _xlpm.d,_xlfn.MAXIFS(PyPISnapshots[Snapshot Date],PyPISnapshots[Company],_xlpm.c), _xlpm.pkgs,_xlfn.UNIQUE(_xlfn._xlws.FILTER(PyPISnapshots[PyPI Package], (PyPISnapshots[Company]=_xlpm.c)*(PyPISnapshots[Snapshot Date]=_xlpm.d))), IFERROR( SUM( _xlfn.MAP(_xlpm.pkgs, _xlfn.LAMBDA(_xlpm.p, _xlfn.MAXIFS(PyPISnapshots[-3 Months Ago], PyPISnapshots[Company],_xlpm.c, PyPISnapshots[Snapshot Date],_xlpm.d, PyPISnapshots[PyPI Package],_xlpm.p) ))), "" ) )} | N7: {=_xlfn.LET( _xlpm.c,$A7, _xlpm.d,_xlfn.MAXIFS(PyPISnapshots[Snapshot Date],PyPISnapshots[Company],_xlpm.c), _xlpm.pkgs,_xlfn.UNIQUE(_xlfn._xlws.FILTER(PyPISnapshots[PyPI Package], (PyPISnapshots[Company]=_xlpm.c)*(PyPISnapshots[Snapshot Date]=_xlpm.d))), IFERROR( SUM( _xlfn.MAP(_xlpm.pkgs, _xlfn.LAMBDA(_xlpm.p, _xlfn.MAXIFS(PyPISnapshots[-2 Months Ago], PyPISnapshots[Company],_xlpm.c, PyPISnapshots[Snapshot Date],_xlpm.d, PyPISnapshots[PyPI Package],_xlpm.p) ))), "" ) )} | O7: =(ProxyCalc[[#This Row],[PyPI Downloads (last month)]]/ProxyCalc[[#This Row],[PyPI Downloads (Prev Month)]])-1 | P7: =(ProxyCalc[[#This Row],[PyPI Downloads (last month)]]/ProxyCalc[[#This Row],[PyPI Downloads (Six Months Ago)]])-1 | Q7: =(ProxyCalc[[#This Row],[PyPI Downloads (last month)]]/ProxyCalc[[#This Row],[PyPI Downloads (Three Months Ago)]])-1 | R7: {=_xlfn.LET( _xlpm.d, _xlfn.MAXIFS(TrendsSnapshots[Snapshot Date],TrendsSnapshots[Company],A7), IFERROR(_xlfn.XLOOKUP(1,(TrendsSnapshots[Company]=A7)*(TrendsSnapshots[Snapshot Date]=_xlpm.d),TrendsSnapshots[Trends Index (0-100)]),"") )}
A8: {=IFERROR( _xlfn.LET( _xlpm.filtered, _xlfn.UNIQUE(_xlfn._xlws.FILTER(Config!$A$1:$A$498, Config!$G$1:$G$498="Y")), INDEX(_xlpm.filtered, ROW()-ROW($A$2)+1) ), "" )} | B8: =IFERROR(_xlfn.MAXIFS(GitHubSnapshots[Snapshot Date],GitHubSnapshots[Company],A8),"") | C8: {=IFERROR( _xlfn.XLOOKUP( 1, (GitHubSnapshots[Company]=A8)*(GitHubSnapshots[Snapshot Date]=B8), GitHubSnapshots[Stars] ), "")} | D8: {=_xlfn.LET( _xlpm.c,LOWER(TRIM($A8)), _xlpm.comp,LOWER(TRIM(GitHubSnapshots[Company])), _xlpm.dRaw,_xlfn._xlws.FILTER(GitHubSnapshots[Snapshot Date], _xlpm.comp=_xlpm.c), _xlpm.sAll,_xlfn._xlws.FILTER(GitHubSnapshots[Stars], _xlpm.comp=_xlpm.c), _xlpm.dNum,IF(ISNUMBER(_xlpm.dRaw), _xlpm.dRaw, DATE(LEFT(_xlpm.dRaw,4), MID(_xlpm.dRaw,6,2), MID(_xlpm.dRaw,9,2)) ), _xlpm.latest,MAX(_xlpm.dNum), _xlpm.cutoff,_xlpm.latest-30, _xlpm.dif,ABS(_xlpm.dNum-_xlpm.cutoff), _xlpm.target,INDEX(_xlpm.dNum, MATCH(MIN(_xlpm.dif), _xlpm.dif, 0)), IFERROR(INDEX(_xlpm.sAll, MATCH(_xlpm.target, _xlpm.dNum, 0)),"") )} | E8: =(ProxyCalc[[#This Row],[Stars (latest)]]/ProxyCalc[[#This Row],[Stars (30d ago)]])-1 | F8: {=IFERROR( _xlfn.XLOOKUP( 1, (GitHubSnapshots[Company]=A8)*(GitHubSnapshots[Snapshot Date]=B8), GitHubSnapshots[Forks] ), "")} | G8: {=_xlfn.LET( _xlpm.c,LOWER(TRIM($A8)), _xlpm.comp,LOWER(TRIM(GitHubSnapshots[Company])), _xlpm.dRaw,_xlfn._xlws.FILTER(GitHubSnapshots[Snapshot Date], _xlpm.comp=_xlpm.c), _xlpm.fAll,_xlfn._xlws.FILTER(GitHubSnapshots[Forks], _xlpm.comp=_xlpm.c), _xlpm.dNum,IF(ISNUMBER(_xlpm.dRaw), _xlpm.dRaw, DATE(LEFT(_xlpm.dRaw,4), MID(_xlpm.dRaw,6,2), MID(_xlpm.dRaw,9,2)) ), _xlpm.latest,MAX(_xlpm.dNum), _xlpm.cutoff,_xlpm.latest-30, _xlpm.dif,ABS(_xlpm.dNum-_xlpm.cutoff), _xlpm.target,INDEX(_xlpm.dNum, MATCH(MIN(_xlpm.dif), _xlpm.dif, 0)), IFERROR(INDEX(_xlpm.fAll, MATCH(_xlpm.target, _xlpm.dNum, 0)),"") )} | H8: =(ProxyCalc[[#This Row],[Forks (latest)]]/ProxyCalc[[#This Row],[Forks (30d ago)]])-1 | I8: {=_xlfn.LET( _xlpm.c,$A8, _xlpm.d,_xlfn.MAXIFS(PyPISnapshots[Snapshot Date],PyPISnapshots[Company],_xlpm.c), _xlpm.pkgs,_xlfn.UNIQUE(_xlfn._xlws.FILTER(PyPISnapshots[PyPI Package], (PyPISnapshots[Company]=_xlpm.c)*(PyPISnapshots[Snapshot Date]=_xlpm.d))), IFERROR( SUM( _xlfn.MAP(_xlpm.pkgs, _xlfn.LAMBDA(_xlpm.p, _xlfn.MAXIFS(PyPISnapshots[Downloads Last Month], PyPISnapshots[Company],_xlpm.c, PyPISnapshots[Snapshot Date],_xlpm.d, PyPISnapshots[PyPI Package],_xlpm.p) ))), "" ) )} | J8: {=_xlfn.LET( _xlpm.c,$A8, _xlpm.d,_xlfn.MAXIFS(PyPISnapshots[Snapshot Date],PyPISnapshots[Company],_xlpm.c), _xlpm.pkgs,_xlfn.UNIQUE(_xlfn._xlws.FILTER(PyPISnapshots[PyPI Package], (PyPISnapshots[Company]=_xlpm.c)*(PyPISnapshots[Snapshot Date]=_xlpm.d))), IFERROR( SUM( _xlfn.MAP(_xlpm.pkgs, _xlfn.LAMBDA(_xlpm.p, _xlfn.MAXIFS(PyPISnapshots[Prev Month], PyPISnapshots[Company],_xlpm.c, PyPISnapshots[Snapshot Date],_xlpm.d, PyPISnapshots[PyPI Package],_xlpm.p) ))), "" ) )} | K8: {=_xlfn.LET( _xlpm.c,$A8, _xlpm.d,_xlfn.MAXIFS(PyPISnapshots[Snapshot Date],PyPISnapshots[Company],_xlpm.c), _xlpm.pkgs,_xlfn.UNIQUE(_xlfn._xlws.FILTER(PyPISnapshots[PyPI Package], (PyPISnapshots[Company]=_xlpm.c)*(PyPISnapshots[Snapshot Date]=_xlpm.d))), IFERROR( SUM( _xlfn.MAP(_xlpm.pkgs, _xlfn.LAMBDA(_xlpm.p, _xlfn.MAXIFS(PyPISnapshots[-5 Months Ago], PyPISnapshots[Company],_xlpm.c, PyPISnapshots[Snapshot Date],_xlpm.d, PyPISnapshots[PyPI Package],_xlpm.p) ))), "" ) )} | L8: {=_xlfn.LET( _xlpm.c,$A8, _xlpm.d,_xlfn.MAXIFS(PyPISnapshots[Snapshot Date],PyPISnapshots[Company],_xlpm.c), _xlpm.pkgs,_xlfn.UNIQUE(_xlfn._xlws.FILTER(PyPISnapshots[PyPI Package], (PyPISnapshots[Company]=_xlpm.c)*(PyPISnapshots[Snapshot Date]=_xlpm.d))), IFERROR( SUM( _xlfn.MAP(_xlpm.pkgs, _xlfn.LAMBDA(_xlpm.p, _xlfn.MAXIFS(PyPISnapshots[-4 Months Ago2], PyPISnapshots[Company],_xlpm.c, PyPISnapshots[Snapshot Date],_xlpm.d, PyPISnapshots[PyPI Package],_xlpm.p) ))), "" ) )} | M8: {=_xlfn.LET( _xlpm.c,$A8, _xlpm.d,_xlfn.MAXIFS(PyPISnapshots[Snapshot Date],PyPISnapshots[Company],_xlpm.c), _xlpm.pkgs,_xlfn.UNIQUE(_xlfn._xlws.FILTER(PyPISnapshots[PyPI Package], (PyPISnapshots[Company]=_xlpm.c)*(PyPISnapshots[Snapshot Date]=_xlpm.d))), IFERROR( SUM( _xlfn.MAP(_xlpm.pkgs, _xlfn.LAMBDA(_xlpm.p, _xlfn.MAXIFS(PyPISnapshots[-3 Months Ago], PyPISnapshots[Company],_xlpm.c, PyPISnapshots[Snapshot Date],_xlpm.d, PyPISnapshots[PyPI Package],_xlpm.p) ))), "" ) )} | N8: {=_xlfn.LET( _xlpm.c,$A8, _xlpm.d,_xlfn.MAXIFS(PyPISnapshots[Snapshot Date],PyPISnapshots[Company],_xlpm.c), _xlpm.pkgs,_xlfn.UNIQUE(_xlfn._xlws.FILTER(PyPISnapshots[PyPI Package], (PyPISnapshots[Company]=_xlpm.c)*(PyPISnapshots[Snapshot Date]=_xlpm.d))), IFERROR( SUM( _xlfn.MAP(_xlpm.pkgs, _xlfn.LAMBDA(_xlpm.p, _xlfn.MAXIFS(PyPISnapshots[-2 Months Ago], PyPISnapshots[Company],_xlpm.c, PyPISnapshots[Snapshot Date],_xlpm.d, PyPISnapshots[PyPI Package],_xlpm.p) ))), "" ) )} | O8: =(ProxyCalc[[#This Row],[PyPI Downloads (last month)]]/ProxyCalc[[#This Row],[PyPI Downloads (Prev Month)]])-1 | P8: =(ProxyCalc[[#This Row],[PyPI Downloads (last month)]]/ProxyCalc[[#This Row],[PyPI Downloads (Six Months Ago)]])-1 | Q8: =(ProxyCalc[[#This Row],[PyPI Downloads (last month)]]/ProxyCalc[[#This Row],[PyPI Downloads (Three Months Ago)]])-1 | R8: {=_xlfn.LET( _xlpm.d, _xlfn.MAXIFS(TrendsSnapshots[Snapshot Date],TrendsSnapshots[Company],A8), IFERROR(_xlfn.XLOOKUP(1,(TrendsSnapshots[Company]=A8)*(TrendsSnapshots[Snapshot Date]=_xlpm.d),TrendsSnapshots[Trends Index (0-100)]),"") )}
A9: {=IFERROR( _xlfn.LET( _xlpm.filtered, _xlfn.UNIQUE(_xlfn._xlws.FILTER(Config!$A$1:$A$498, Config!$G$1:$G$498="Y")), INDEX(_xlpm.filtered, ROW()-ROW($A$2)+1) ), "" )} | B9: =IFERROR(_xlfn.MAXIFS(GitHubSnapshots[Snapshot Date],GitHubSnapshots[Company],A9),"") | C9: {=IFERROR( _xlfn.XLOOKUP( 1, (GitHubSnapshots[Company]=A9)*(GitHubSnapshots[Snapshot Date]=B9), GitHubSnapshots[Stars] ), "")} | D9: {=_xlfn.LET( _xlpm.c,LOWER(TRIM($A9)), _xlpm.comp,LOWER(TRIM(GitHubSnapshots[Company])), _xlpm.dRaw,_xlfn._xlws.FILTER(GitHubSnapshots[Snapshot Date], _xlpm.comp=_xlpm.c), _xlpm.sAll,_xlfn._xlws.FILTER(GitHubSnapshots[Stars], _xlpm.comp=_xlpm.c), _xlpm.dNum,IF(ISNUMBER(_xlpm.dRaw), _xlpm.dRaw, DATE(LEFT(_xlpm.dRaw,4), MID(_xlpm.dRaw,6,2), MID(_xlpm.dRaw,9,2)) ), _xlpm.latest,MAX(_xlpm.dNum), _xlpm.cutoff,_xlpm.latest-30, _xlpm.dif,ABS(_xlpm.dNum-_xlpm.cutoff), _xlpm.target,INDEX(_xlpm.dNum, MATCH(MIN(_xlpm.dif), _xlpm.dif, 0)), IFERROR(INDEX(_xlpm.sAll, MATCH(_xlpm.target, _xlpm.dNum, 0)),"") )} | E9: =(ProxyCalc[[#This Row],[Stars (latest)]]/ProxyCalc[[#This Row],[Stars (30d ago)]])-1 | F9: {=IFERROR( _xlfn.XLOOKUP( 1, (GitHubSnapshots[Company]=A9)*(GitHubSnapshots[Snapshot Date]=B9), GitHubSnapshots[Forks] ), "")} | G9: {=_xlfn.LET( _xlpm.c,LOWER(TRIM($A9)), _xlpm.comp,LOWER(TRIM(GitHubSnapshots[Company])), _xlpm.dRaw,_xlfn._xlws.FILTER(GitHubSnapshots[Snapshot Date], _xlpm.comp=_xlpm.c), _xlpm.fAll,_xlfn._xlws.FILTER(GitHubSnapshots[Forks], _xlpm.comp=_xlpm.c), _xlpm.dNum,IF(ISNUMBER(_xlpm.dRaw), _xlpm.dRaw, DATE(LEFT(_xlpm.dRaw,4), MID(_xlpm.dRaw,6,2), MID(_xlpm.dRaw,9,2)) ), _xlpm.latest,MAX(_xlpm.dNum), _xlpm.cutoff,_xlpm.latest-30, _xlpm.dif,ABS(_xlpm.dNum-_xlpm.cutoff), _xlpm.target,INDEX(_xlpm.dNum, MATCH(MIN(_xlpm.dif), _xlpm.dif, 0)), IFERROR(INDEX(_xlpm.fAll, MATCH(_xlpm.target, _xlpm.dNum, 0)),"") )} | H9: =(ProxyCalc[[#This Row],[Forks (latest)]]/ProxyCalc[[#This Row],[Forks (30d ago)]])-1 | I9: {=_xlfn.LET( _xlpm.c,$A9, _xlpm.d,_xlfn.MAXIFS(PyPISnapshots[Snapshot Date],PyPISnapshots[Company],_xlpm.c), _xlpm.pkgs,_xlfn.UNIQUE(_xlfn._xlws.FILTER(PyPISnapshots[PyPI Package], (PyPISnapshots[Company]=_xlpm.c)*(PyPISnapshots[Snapshot Date]=_xlpm.d))), IFERROR( SUM( _xlfn.MAP(_xlpm.pkgs, _xlfn.LAMBDA(_xlpm.p, _xlfn.MAXIFS(PyPISnapshots[Downloads Last Month], PyPISnapshots[Company],_xlpm.c, PyPISnapshots[Snapshot Date],_xlpm.d, PyPISnapshots[PyPI Package],_xlpm.p) ))), "" ) )} | J9: {=_xlfn.LET( _xlpm.c,$A9, _xlpm.d,_xlfn.MAXIFS(PyPISnapshots[Snapshot Date],PyPISnapshots[Company],_xlpm.c), _xlpm.pkgs,_xlfn.UNIQUE(_xlfn._xlws.FILTER(PyPISnapshots[PyPI Package], (PyPISnapshots[Company]=_xlpm.c)*(PyPISnapshots[Snapshot Date]=_xlpm.d))), IFERROR( SUM( _xlfn.MAP(_xlpm.pkgs, _xlfn.LAMBDA(_xlpm.p, _xlfn.MAXIFS(PyPISnapshots[Prev Month], PyPISnapshots[Company],_xlpm.c, PyPISnapshots[Snapshot Date],_xlpm.d, PyPISnapshots[PyPI Package],_xlpm.p) ))), "" ) )} | K9: {=_xlfn.LET( _xlpm.c,$A9, _xlpm.d,_xlfn.MAXIFS(PyPISnapshots[Snapshot Date],PyPISnapshots[Company],_xlpm.c), _xlpm.pkgs,_xlfn.UNIQUE(_xlfn._xlws.FILTER(PyPISnapshots[PyPI Package], (PyPISnapshots[Company]=_xlpm.c)*(PyPISnapshots[Snapshot Date]=_xlpm.d))), IFERROR( SUM( _xlfn.MAP(_xlpm.pkgs, _xlfn.LAMBDA(_xlpm.p, _xlfn.MAXIFS(PyPISnapshots[-5 Months Ago], PyPISnapshots[Company],_xlpm.c, PyPISnapshots[Snapshot Date],_xlpm.d, PyPISnapshots[PyPI Package],_xlpm.p) ))), "" ) )} | L9: {=_xlfn.LET( _xlpm.c,$A9, _xlpm.d,_xlfn.MAXIFS(PyPISnapshots[Snapshot Date],PyPISnapshots[Company],_xlpm.c), _xlpm.pkgs,_xlfn.UNIQUE(_xlfn._xlws.FILTER(PyPISnapshots[PyPI Package], (PyPISnapshots[Company]=_xlpm.c)*(PyPISnapshots[Snapshot Date]=_xlpm.d))), IFERROR( SUM( _xlfn.MAP(_xlpm.pkgs, _xlfn.LAMBDA(_xlpm.p, _xlfn.MAXIFS(PyPISnapshots[-4 Months Ago2], PyPISnapshots[Company],_xlpm.c, PyPISnapshots[Snapshot Date],_xlpm.d, PyPISnapshots[PyPI Package],_xlpm.p) ))), "" ) )} | M9: {=_xlfn.LET( _xlpm.c,$A9, _xlpm.d,_xlfn.MAXIFS(PyPISnapshots[Snapshot Date],PyPISnapshots[Company],_xlpm.c), _xlpm.pkgs,_xlfn.UNIQUE(_xlfn._xlws.FILTER(PyPISnapshots[PyPI Package], (PyPISnapshots[Company]=_xlpm.c)*(PyPISnapshots[Snapshot Date]=_xlpm.d))), IFERROR( SUM( _xlfn.MAP(_xlpm.pkgs, _xlfn.LAMBDA(_xlpm.p, _xlfn.MAXIFS(PyPISnapshots[-3 Months Ago], PyPISnapshots[Company],_xlpm.c, PyPISnapshots[Snapshot Date],_xlpm.d, PyPISnapshots[PyPI Package],_xlpm.p) ))), "" ) )} | N9: {=_xlfn.LET( _xlpm.c,$A9, _xlpm.d,_xlfn.MAXIFS(PyPISnapshots[Snapshot Date],PyPISnapshots[Company],_xlpm.c), _xlpm.pkgs,_xlfn.UNIQUE(_xlfn._xlws.FILTER(PyPISnapshots[PyPI Package], (PyPISnapshots[Company]=_xlpm.c)*(PyPISnapshots[Snapshot Date]=_xlpm.d))), IFERROR( SUM( _xlfn.MAP(_xlpm.pkgs, _xlfn.LAMBDA(_xlpm.p, _xlfn.MAXIFS(PyPISnapshots[-2 Months Ago], PyPISnapshots[Company],_xlpm.c, PyPISnapshots[Snapshot Date],_xlpm.d, PyPISnapshots[PyPI Package],_xlpm.p) ))), "" ) )} | O9: =(ProxyCalc[[#This Row],[PyPI Downloads (last month)]]/ProxyCalc[[#This Row],[PyPI Downloads (Prev Month)]])-1 | P9: =(ProxyCalc[[#This Row],[PyPI Downloads (last month)]]/ProxyCalc[[#This Row],[PyPI Downloads (Six Months Ago)]])-1 | Q9: =(ProxyCalc[[#This Row],[PyPI Downloads (last month)]]/ProxyCalc[[#This Row],[PyPI Downloads (Three Months Ago)]])-1 | R9: {=_xlfn.LET( _xlpm.d, _xlfn.MAXIFS(TrendsSnapshots[Snapshot Date],TrendsSnapshots[Company],A9), IFERROR(_xlfn.XLOOKUP(1,(TrendsSnapshots[Company]=A9)*(TrendsSnapshots[Snapshot Date]=_xlpm.d),TrendsSnapshots[Trends Index (0-100)]),"") )}
A10: {=IFERROR( _xlfn.LET( _xlpm.filtered, _xlfn.UNIQUE(_xlfn._xlws.FILTER(Config!$A$1:$A$498, Config!$G$1:$G$498="Y")), INDEX(_xlpm.filtered, ROW()-ROW($A$2)+1) ), "" )} | B10: =IFERROR(_xlfn.MAXIFS(GitHubSnapshots[Snapshot Date],GitHubSnapshots[Company],A10),"") | C10: {=IFERROR( _xlfn.XLOOKUP( 1, (GitHubSnapshots[Company]=A10)*(GitHubSnapshots[Snapshot Date]=B10), GitHubSnapshots[Stars] ), "")} | D10: {=_xlfn.LET( _xlpm.c,LOWER(TRIM($A10)), _xlpm.comp,LOWER(TRIM(GitHubSnapshots[Company])), _xlpm.dRaw,_xlfn._xlws.FILTER(GitHubSnapshots[Snapshot Date], _xlpm.comp=_xlpm.c), _xlpm.sAll,_xlfn._xlws.FILTER(GitHubSnapshots[Stars], _xlpm.comp=_xlpm.c), _xlpm.dNum,IF(ISNUMBER(_xlpm.dRaw), _xlpm.dRaw, DATE(LEFT(_xlpm.dRaw,4), MID(_xlpm.dRaw,6,2), MID(_xlpm.dRaw,9,2)) ), _xlpm.latest,MAX(_xlpm.dNum), _xlpm.cutoff,_xlpm.latest-30, _xlpm.dif,ABS(_xlpm.dNum-_xlpm.cutoff), _xlpm.target,INDEX(_xlpm.dNum, MATCH(MIN(_xlpm.dif), _xlpm.dif, 0)), IFERROR(INDEX(_xlpm.sAll, MATCH(_xlpm.target, _xlpm.dNum, 0)),"") )} | E10: =(ProxyCalc[[#This Row],[Stars (latest)]]/ProxyCalc[[#This Row],[Stars (30d ago)]])-1 | F10: {=IFERROR( _xlfn.XLOOKUP( 1, (GitHubSnapshots[Company]=A10)*(GitHubSnapshots[Snapshot Date]=B10), GitHubSnapshots[Forks] ), "")} | G10: {=_xlfn.LET( _xlpm.c,LOWER(TRIM($A10)), _xlpm.comp,LOWER(TRIM(GitHubSnapshots[Company])), _xlpm.dRaw,_xlfn._xlws.FILTER(GitHubSnapshots[Snapshot Date], _xlpm.comp=_xlpm.c), _xlpm.fAll,_xlfn._xlws.FILTER(GitHubSnapshots[Forks], _xlpm.comp=_xlpm.c), _xlpm.dNum,IF(ISNUMBER(_xlpm.dRaw), _xlpm.dRaw, DATE(LEFT(_xlpm.dRaw,4), MID(_xlpm.dRaw,6,2), MID(_xlpm.dRaw,9,2)) ), _xlpm.latest,MAX(_xlpm.dNum), _xlpm.cutoff,_xlpm.latest-30, _xlpm.dif,ABS(_xlpm.dNum-_xlpm.cutoff), _xlpm.target,INDEX(_xlpm.dNum, MATCH(MIN(_xlpm.dif), _xlpm.dif, 0)), IFERROR(INDEX(_xlpm.fAll, MATCH(_xlpm.target, _xlpm.dNum, 0)),"") )} | H10: =(ProxyCalc[[#This Row],[Forks (latest)]]/ProxyCalc[[#This Row],[Forks (30d ago)]])-1 | I10: {=_xlfn.LET( _xlpm.c,$A10, _xlpm.d,_xlfn.MAXIFS(PyPISnapshots[Snapshot Date],PyPISnapshots[Company],_xlpm.c), _xlpm.pkgs,_xlfn.UNIQUE(_xlfn._xlws.FILTER(PyPISnapshots[PyPI Package], (PyPISnapshots[Company]=_xlpm.c)*(PyPISnapshots[Snapshot Date]=_xlpm.d))), IFERROR( SUM( _xlfn.MAP(_xlpm.pkgs, _xlfn.LAMBDA(_xlpm.p, _xlfn.MAXIFS(PyPISnapshots[Downloads Last Month], PyPISnapshots[Company],_xlpm.c, PyPISnapshots[Snapshot Date],_xlpm.d, PyPISnapshots[PyPI Package],_xlpm.p) ))), "" ) )} | J10: {=_xlfn.LET( _xlpm.c,$A10, _xlpm.d,_xlfn.MAXIFS(PyPISnapshots[Snapshot Date],PyPISnapshots[Company],_xlpm.c), _xlpm.pkgs,_xlfn.UNIQUE(_xlfn._xlws.FILTER(PyPISnapshots[PyPI Package], (PyPISnapshots[Company]=_xlpm.c)*(PyPISnapshots[Snapshot Date]=_xlpm.d))), IFERROR( SUM( _xlfn.MAP(_xlpm.pkgs, _xlfn.LAMBDA(_xlpm.p, _xlfn.MAXIFS(PyPISnapshots[Prev Month], PyPISnapshots[Company],_xlpm.c, PyPISnapshots[Snapshot Date],_xlpm.d, PyPISnapshots[PyPI Package],_xlpm.p) ))), "" ) )} | K10: {=_xlfn.LET( _xlpm.c,$A10, _xlpm.d,_xlfn.MAXIFS(PyPISnapshots[Snapshot Date],PyPISnapshots[Company],_xlpm.c), _xlpm.pkgs,_xlfn.UNIQUE(_xlfn._xlws.FILTER(PyPISnapshots[PyPI Package], (PyPISnapshots[Company]=_xlpm.c)*(PyPISnapshots[Snapshot Date]=_xlpm.d))), IFERROR( SUM( _xlfn.MAP(_xlpm.pkgs, _xlfn.LAMBDA(_xlpm.p, _xlfn.MAXIFS(PyPISnapshots[-5 Months Ago], PyPISnapshots[Company],_xlpm.c, PyPISnapshots[Snapshot Date],_xlpm.d, PyPISnapshots[PyPI Package],_xlpm.p) ))), "" ) )} | L10: {=_xlfn.LET( _xlpm.c,$A10, _xlpm.d,_xlfn.MAXIFS(PyPISnapshots[Snapshot Date],PyPISnapshots[Company],_xlpm.c), _xlpm.pkgs,_xlfn.UNIQUE(_xlfn._xlws.FILTER(PyPISnapshots[PyPI Package], (PyPISnapshots[Company]=_xlpm.c)*(PyPISnapshots[Snapshot Date]=_xlpm.d))), IFERROR( SUM( _xlfn.MAP(_xlpm.pkgs, _xlfn.LAMBDA(_xlpm.p, _xlfn.MAXIFS(PyPISnapshots[-4 Months Ago2], PyPISnapshots[Company],_xlpm.c, PyPISnapshots[Snapshot Date],_xlpm.d, PyPISnapshots[PyPI Package],_xlpm.p) ))), "" ) )} | M10: {=_xlfn.LET( _xlpm.c,$A10, _xlpm.d,_xlfn.MAXIFS(PyPISnapshots[Snapshot Date],PyPISnapshots[Company],_xlpm.c), _xlpm.pkgs,_xlfn.UNIQUE(_xlfn._xlws.FILTER(PyPISnapshots[PyPI Package], (PyPISnapshots[Company]=_xlpm.c)*(PyPISnapshots[Snapshot Date]=_xlpm.d))), IFERROR( SUM( _xlfn.MAP(_xlpm.pkgs, _xlfn.LAMBDA(_xlpm.p, _xlfn.MAXIFS(PyPISnapshots[-3 Months Ago], PyPISnapshots[Company],_xlpm.c, PyPISnapshots[Snapshot Date],_xlpm.d, PyPISnapshots[PyPI Package],_xlpm.p) ))), "" ) )} | N10: {=_xlfn.LET( _xlpm.c,$A10, _xlpm.d,_xlfn.MAXIFS(PyPISnapshots[Snapshot Date],PyPISnapshots[Company],_xlpm.c), _xlpm.pkgs,_xlfn.UNIQUE(_xlfn._xlws.FILTER(PyPISnapshots[PyPI Package], (PyPISnapshots[Company]=_xlpm.c)*(PyPISnapshots[Snapshot Date]=_xlpm.d))), IFERROR( SUM( _xlfn.MAP(_xlpm.pkgs, _xlfn.LAMBDA(_xlpm.p, _xlfn.MAXIFS(PyPISnapshots[-2 Months Ago], PyPISnapshots[Company],_xlpm.c, PyPISnapshots[Snapshot Date],_xlpm.d, PyPISnapshots[PyPI Package],_xlpm.p) ))), "" ) )} | O10: =(ProxyCalc[[#This Row],[PyPI Downloads (last month)]]/ProxyCalc[[#This Row],[PyPI Downloads (Prev Month)]])-1 | P10: =(ProxyCalc[[#This Row],[PyPI Downloads (last month)]]/ProxyCalc[[#This Row],[PyPI Downloads (Six Months Ago)]])-1 | Q10: =(ProxyCalc[[#This Row],[PyPI Downloads (last month)]]/ProxyCalc[[#This Row],[PyPI Downloads (Three Months Ago)]])-1 | R10: {=_xlfn.LET( _xlpm.d, _xlfn.MAXIFS(TrendsSnapshots[Snapshot Date],TrendsSnapshots[Company],A10), IFERROR(_xlfn.XLOOKUP(1,(TrendsSnapshots[Company]=A10)*(TrendsSnapshots[Snapshot Date]=_xlpm.d),TrendsSnapshots[Trends Index (0-100)]),"") )}
A11: {=IFERROR( _xlfn.LET( _xlpm.filtered, _xlfn.UNIQUE(_xlfn._xlws.FILTER(Config!$A$1:$A$498, Config!$G$1:$G$498="Y")), INDEX(_xlpm.filtered, ROW()-ROW($A$2)+1) ), "" )} | B11: =IFERROR(_xlfn.MAXIFS(GitHubSnapshots[Snapshot Date],GitHubSnapshots[Company],A11),"") | C11: {=IFERROR( _xlfn.XLOOKUP( 1, (GitHubSnapshots[Company]=A11)*(GitHubSnapshots[Snapshot Date]=B11), GitHubSnapshots[Stars] ), "")} | D11: {=_xlfn.LET( _xlpm.c,LOWER(TRIM($A11)), _xlpm.comp,LOWER(TRIM(GitHubSnapshots[Company])), _xlpm.dRaw,_xlfn._xlws.FILTER(GitHubSnapshots[Snapshot Date], _xlpm.comp=_xlpm.c), _xlpm.sAll,_xlfn._xlws.FILTER(GitHubSnapshots[Stars], _xlpm.comp=_xlpm.c), _xlpm.dNum,IF(ISNUMBER(_xlpm.dRaw), _xlpm.dRaw, DATE(LEFT(_xlpm.dRaw,4), MID(_xlpm.dRaw,6,2), MID(_xlpm.dRaw,9,2)) ), _xlpm.latest,MAX(_xlpm.dNum), _xlpm.cutoff,_xlpm.latest-30, _xlpm.dif,ABS(_xlpm.dNum-_xlpm.cutoff), _xlpm.target,INDEX(_xlpm.dNum, MATCH(MIN(_xlpm.dif), _xlpm.dif, 0)), IFERROR(INDEX(_xlpm.sAll, MATCH(_xlpm.target, _xlpm.dNum, 0)),"") )} | E11: =(ProxyCalc[[#This Row],[Stars (latest)]]/ProxyCalc[[#This Row],[Stars (30d ago)]])-1 | F11: {=IFERROR( _xlfn.XLOOKUP( 1, (GitHubSnapshots[Company]=A11)*(GitHubSnapshots[Snapshot Date]=B11), GitHubSnapshots[Forks] ), "")} | G11: {=_xlfn.LET( _xlpm.c,LOWER(TRIM($A11)), _xlpm.comp,LOWER(TRIM(GitHubSnapshots[Company])), _xlpm.dRaw,_xlfn._xlws.FILTER(GitHubSnapshots[Snapshot Date], _xlpm.comp=_xlpm.c), _xlpm.fAll,_xlfn._xlws.FILTER(GitHubSnapshots[Forks], _xlpm.comp=_xlpm.c), _xlpm.dNum,IF(ISNUMBER(_xlpm.dRaw), _xlpm.dRaw, DATE(LEFT(_xlpm.dRaw,4), MID(_xlpm.dRaw,6,2), MID(_xlpm.dRaw,9,2)) ), _xlpm.latest,MAX(_xlpm.dNum), _xlpm.cutoff,_xlpm.latest-30, _xlpm.dif,ABS(_xlpm.dNum-_xlpm.cutoff), _xlpm.target,INDEX(_xlpm.dNum, MATCH(MIN(_xlpm.dif), _xlpm.dif, 0)), IFERROR(INDEX(_xlpm.fAll, MATCH(_xlpm.target, _xlpm.dNum, 0)),"") )} | H11: =(ProxyCalc[[#This Row],[Forks (latest)]]/ProxyCalc[[#This Row],[Forks (30d ago)]])-1 | I11: {=_xlfn.LET( _xlpm.c,$A11, _xlpm.d,_xlfn.MAXIFS(PyPISnapshots[Snapshot Date],PyPISnapshots[Company],_xlpm.c), _xlpm.pkgs,_xlfn.UNIQUE(_xlfn._xlws.FILTER(PyPISnapshots[PyPI Package], (PyPISnapshots[Company]=_xlpm.c)*(PyPISnapshots[Snapshot Date]=_xlpm.d))), IFERROR( SUM( _xlfn.MAP(_xlpm.pkgs, _xlfn.LAMBDA(_xlpm.p, _xlfn.MAXIFS(PyPISnapshots[Downloads Last Month], PyPISnapshots[Company],_xlpm.c, PyPISnapshots[Snapshot Date],_xlpm.d, PyPISnapshots[PyPI Package],_xlpm.p) ))), "" ) )} | J11: {=_xlfn.LET( _xlpm.c,$A11, _xlpm.d,_xlfn.MAXIFS(PyPISnapshots[Snapshot Date],PyPISnapshots[Company],_xlpm.c), _xlpm.pkgs,_xlfn.UNIQUE(_xlfn._xlws.FILTER(PyPISnapshots[PyPI Package], (PyPISnapshots[Company]=_xlpm.c)*(PyPISnapshots[Snapshot Date]=_xlpm.d))), IFERROR( SUM( _xlfn.MAP(_xlpm.pkgs, _xlfn.LAMBDA(_xlpm.p, _xlfn.MAXIFS(PyPISnapshots[Prev Month], PyPISnapshots[Company],_xlpm.c, PyPISnapshots[Snapshot Date],_xlpm.d, PyPISnapshots[PyPI Package],_xlpm.p) ))), "" ) )} | K11: {=_xlfn.LET( _xlpm.c,$A11, _xlpm.d,_xlfn.MAXIFS(PyPISnapshots[Snapshot Date],PyPISnapshots[Company],_xlpm.c), _xlpm.pkgs,_xlfn.UNIQUE(_xlfn._xlws.FILTER(PyPISnapshots[PyPI Package], (PyPISnapshots[Company]=_xlpm.c)*(PyPISnapshots[Snapshot Date]=_xlpm.d))), IFERROR( SUM( _xlfn.MAP(_xlpm.pkgs, _xlfn.LAMBDA(_xlpm.p, _xlfn.MAXIFS(PyPISnapshots[-5 Months Ago], PyPISnapshots[Company],_xlpm.c, PyPISnapshots[Snapshot Date],_xlpm.d, PyPISnapshots[PyPI Package],_xlpm.p) ))), "" ) )} | L11: {=_xlfn.LET( _xlpm.c,$A11, _xlpm.d,_xlfn.MAXIFS(PyPISnapshots[Snapshot Date],PyPISnapshots[Company],_xlpm.c), _xlpm.pkgs,_xlfn.UNIQUE(_xlfn._xlws.FILTER(PyPISnapshots[PyPI Package], (PyPISnapshots[Company]=_xlpm.c)*(PyPISnapshots[Snapshot Date]=_xlpm.d))), IFERROR( SUM( _xlfn.MAP(_xlpm.pkgs, _xlfn.LAMBDA(_xlpm.p, _xlfn.MAXIFS(PyPISnapshots[-4 Months Ago2], PyPISnapshots[Company],_xlpm.c, PyPISnapshots[Snapshot Date],_xlpm.d, PyPISnapshots[PyPI Package],_xlpm.p) ))), "" ) )} | M11: {=_xlfn.LET( _xlpm.c,$A11, _xlpm.d,_xlfn.MAXIFS(PyPISnapshots[Snapshot Date],PyPISnapshots[Company],_xlpm.c), _xlpm.pkgs,_xlfn.UNIQUE(_xlfn._xlws.FILTER(PyPISnapshots[PyPI Package], (PyPISnapshots[Company]=_xlpm.c)*(PyPISnapshots[Snapshot Date]=_xlpm.d))), IFERROR( SUM( _xlfn.MAP(_xlpm.pkgs, _xlfn.LAMBDA(_xlpm.p, _xlfn.MAXIFS(PyPISnapshots[-3 Months Ago], PyPISnapshots[Company],_xlpm.c, PyPISnapshots[Snapshot Date],_xlpm.d, PyPISnapshots[PyPI Package],_xlpm.p) ))), "" ) )} | N11: {=_xlfn.LET( _xlpm.c,$A11, _xlpm.d,_xlfn.MAXIFS(PyPISnapshots[Snapshot Date],PyPISnapshots[Company],_xlpm.c), _xlpm.pkgs,_xlfn.UNIQUE(_xlfn._xlws.FILTER(PyPISnapshots[PyPI Package], (PyPISnapshots[Company]=_xlpm.c)*(PyPISnapshots[Snapshot Date]=_xlpm.d))), IFERROR( SUM( _xlfn.MAP(_xlpm.pkgs, _xlfn.LAMBDA(_xlpm.p, _xlfn.MAXIFS(PyPISnapshots[-2 Months Ago], PyPISnapshots[Company],_xlpm.c, PyPISnapshots[Snapshot Date],_xlpm.d, PyPISnapshots[PyPI Package],_xlpm.p) ))), "" ) )} | O11: =(ProxyCalc[[#This Row],[PyPI Downloads (last month)]]/ProxyCalc[[#This Row],[PyPI Downloads (Prev Month)]])-1 | P11: =(ProxyCalc[[#This Row],[PyPI Downloads (last month)]]/ProxyCalc[[#This Row],[PyPI Downloads (Six Months Ago)]])-1 | Q11: =(ProxyCalc[[#This Row],[PyPI Downloads (last month)]]/ProxyCalc[[#This Row],[PyPI Downloads (Three Months Ago)]])-1 | R11: {=_xlfn.LET( _xlpm.d, _xlfn.MAXIFS(TrendsSnapshots[Snapshot Date],TrendsSnapshots[Company],A11), IFERROR(_xlfn.XLOOKUP(1,(TrendsSnapshots[Company]=A11)*(TrendsSnapshots[Snapshot Date]=_xlpm.d),TrendsSnapshots[Trends Index (0-100)]),"") )}
A12: {=IFERROR( _xlfn.LET( _xlpm.filtered, _xlfn.UNIQUE(_xlfn._xlws.FILTER(Config!$A$1:$A$498, Config!$G$1:$G$498="Y")), INDEX(_xlpm.filtered, ROW()-ROW($A$2)+1) ), "" )} | B12: =IFERROR(_xlfn.MAXIFS(GitHubSnapshots[Snapshot Date],GitHubSnapshots[Company],A12),"") | C12: {=IFERROR( _xlfn.XLOOKUP( 1, (GitHubSnapshots[Company]=A12)*(GitHubSnapshots[Snapshot Date]=B12), GitHubSnapshots[Stars] ), "")} | D12: {=_xlfn.LET( _xlpm.c,LOWER(TRIM($A12)), _xlpm.comp,LOWER(TRIM(GitHubSnapshots[Company])), _xlpm.dRaw,_xlfn._xlws.FILTER(GitHubSnapshots[Snapshot Date], _xlpm.comp=_xlpm.c), _xlpm.sAll,_xlfn._xlws.FILTER(GitHubSnapshots[Stars], _xlpm.comp=_xlpm.c), _xlpm.dNum,IF(ISNUMBER(_xlpm.dRaw), _xlpm.dRaw, DATE(LEFT(_xlpm.dRaw,4), MID(_xlpm.dRaw,6,2), MID(_xlpm.dRaw,9,2)) ), _xlpm.latest,MAX(_xlpm.dNum), _xlpm.cutoff,_xlpm.latest-30, _xlpm.dif,ABS(_xlpm.dNum-_xlpm.cutoff), _xlpm.target,INDEX(_xlpm.dNum, MATCH(MIN(_xlpm.dif), _xlpm.dif, 0)), IFERROR(INDEX(_xlpm.sAll, MATCH(_xlpm.target, _xlpm.dNum, 0)),"") )} | E12: =(ProxyCalc[[#This Row],[Stars (latest)]]/ProxyCalc[[#This Row],[Stars (30d ago)]])-1 | F12: {=IFERROR( _xlfn.XLOOKUP( 1, (GitHubSnapshots[Company]=A12)*(GitHubSnapshots[Snapshot Date]=B12), GitHubSnapshots[Forks] ), "")} | G12: {=_xlfn.LET( _xlpm.c,LOWER(TRIM($A12)), _xlpm.comp,LOWER(TRIM(GitHubSnapshots[Company])), _xlpm.dRaw,_xlfn._xlws.FILTER(GitHubSnapshots[Snapshot Date], _xlpm.comp=_xlpm.c), _xlpm.fAll,_xlfn._xlws.FILTER(GitHubSnapshots[Forks], _xlpm.comp=_xlpm.c), _xlpm.dNum,IF(ISNUMBER(_xlpm.dRaw), _xlpm.dRaw, DATE(LEFT(_xlpm.dRaw,4), MID(_xlpm.dRaw,6,2), MID(_xlpm.dRaw,9,2)) ), _xlpm.latest,MAX(_xlpm.dNum), _xlpm.cutoff,_xlpm.latest-30, _xlpm.dif,ABS(_xlpm.dNum-_xlpm.cutoff), _xlpm.target,INDEX(_xlpm.dNum, MATCH(MIN(_xlpm.dif), _xlpm.dif, 0)), IFERROR(INDEX(_xlpm.fAll, MATCH(_xlpm.target, _xlpm.dNum, 0)),"") )} | H12: =(ProxyCalc[[#This Row],[Forks (latest)]]/ProxyCalc[[#This Row],[Forks (30d ago)]])-1 | I12: {=_xlfn.LET( _xlpm.c,$A12, _xlpm.d,_xlfn.MAXIFS(PyPISnapshots[Snapshot Date],PyPISnapshots[Company],_xlpm.c), _xlpm.pkgs,_xlfn.UNIQUE(_xlfn._xlws.FILTER(PyPISnapshots[PyPI Package], (PyPISnapshots[Company]=_xlpm.c)*(PyPISnapshots[Snapshot Date]=_xlpm.d))), IFERROR( SUM( _xlfn.MAP(_xlpm.pkgs, _xlfn.LAMBDA(_xlpm.p, _xlfn.MAXIFS(PyPISnapshots[Downloads Last Month], PyPISnapshots[Company],_xlpm.c, PyPISnapshots[Snapshot Date],_xlpm.d, PyPISnapshots[PyPI Package],_xlpm.p) ))), "" ) )} | J12: {=_xlfn.LET( _xlpm.c,$A12, _xlpm.d,_xlfn.MAXIFS(PyPISnapshots[Snapshot Date],PyPISnapshots[Company],_xlpm.c), _xlpm.pkgs,_xlfn.UNIQUE(_xlfn._xlws.FILTER(PyPISnapshots[PyPI Package], (PyPISnapshots[Company]=_xlpm.c)*(PyPISnapshots[Snapshot Date]=_xlpm.d))), IFERROR( SUM( _xlfn.MAP(_xlpm.pkgs, _xlfn.LAMBDA(_xlpm.p, _xlfn.MAXIFS(PyPISnapshots[Prev Month], PyPISnapshots[Company],_xlpm.c, PyPISnapshots[Snapshot Date],_xlpm.d, PyPISnapshots[PyPI Package],_xlpm.p) ))), "" ) )} | K12: {=_xlfn.LET( _xlpm.c,$A12, _xlpm.d,_xlfn.MAXIFS(PyPISnapshots[Snapshot Date],PyPISnapshots[Company],_xlpm.c), _xlpm.pkgs,_xlfn.UNIQUE(_xlfn._xlws.FILTER(PyPISnapshots[PyPI Package], (PyPISnapshots[Company]=_xlpm.c)*(PyPISnapshots[Snapshot Date]=_xlpm.d))), IFERROR( SUM( _xlfn.MAP(_xlpm.pkgs, _xlfn.LAMBDA(_xlpm.p, _xlfn.MAXIFS(PyPISnapshots[-5 Months Ago], PyPISnapshots[Company],_xlpm.c, PyPISnapshots[Snapshot Date],_xlpm.d, PyPISnapshots[PyPI Package],_xlpm.p) ))), "" ) )} | L12: {=_xlfn.LET( _xlpm.c,$A12, _xlpm.d,_xlfn.MAXIFS(PyPISnapshots[Snapshot Date],PyPISnapshots[Company],_xlpm.c), _xlpm.pkgs,_xlfn.UNIQUE(_xlfn._xlws.FILTER(PyPISnapshots[PyPI Package], (PyPISnapshots[Company]=_xlpm.c)*(PyPISnapshots[Snapshot Date]=_xlpm.d))), IFERROR( SUM( _xlfn.MAP(_xlpm.pkgs, _xlfn.LAMBDA(_xlpm.p, _xlfn.MAXIFS(PyPISnapshots[-4 Months Ago2], PyPISnapshots[Company],_xlpm.c, PyPISnapshots[Snapshot Date],_xlpm.d, PyPISnapshots[PyPI Package],_xlpm.p) ))), "" ) )} | M12: {=_xlfn.LET( _xlpm.c,$A12, _xlpm.d,_xlfn.MAXIFS(PyPISnapshots[Snapshot Date],PyPISnapshots[Company],_xlpm.c), _xlpm.pkgs,_xlfn.UNIQUE(_xlfn._xlws.FILTER(PyPISnapshots[PyPI Package], (PyPISnapshots[Company]=_xlpm.c)*(PyPISnapshots[Snapshot Date]=_xlpm.d))), IFERROR( SUM( _xlfn.MAP(_xlpm.pkgs, _xlfn.LAMBDA(_xlpm.p, _xlfn.MAXIFS(PyPISnapshots[-3 Months Ago], PyPISnapshots[Company],_xlpm.c, PyPISnapshots[Snapshot Date],_xlpm.d, PyPISnapshots[PyPI Package],_xlpm.p) ))), "" ) )} | N12: {=_xlfn.LET( _xlpm.c,$A12, _xlpm.d,_xlfn.MAXIFS(PyPISnapshots[Snapshot Date],PyPISnapshots[Company],_xlpm.c), _xlpm.pkgs,_xlfn.UNIQUE(_xlfn._xlws.FILTER(PyPISnapshots[PyPI Package], (PyPISnapshots[Company]=_xlpm.c)*(PyPISnapshots[Snapshot Date]=_xlpm.d))), IFERROR( SUM( _xlfn.MAP(_xlpm.pkgs, _xlfn.LAMBDA(_xlpm.p, _xlfn.MAXIFS(PyPISnapshots[-2 Months Ago], PyPISnapshots[Company],_xlpm.c, PyPISnapshots[Snapshot Date],_xlpm.d, PyPISnapshots[PyPI Package],_xlpm.p) ))), "" ) )} | O12: =(ProxyCalc[[#This Row],[PyPI Downloads (last month)]]/ProxyCalc[[#This Row],[PyPI Downloads (Prev Month)]])-1 | P12: =(ProxyCalc[[#This Row],[PyPI Downloads (last month)]]/ProxyCalc[[#This Row],[PyPI Downloads (Six Months Ago)]])-1 | Q12: =(ProxyCalc[[#This Row],[PyPI Downloads (last month)]]/ProxyCalc[[#This Row],[PyPI Downloads (Three Months Ago)]])-1 | R12: {=_xlfn.LET( _xlpm.d, _xlfn.MAXIFS(TrendsSnapshots[Snapshot Date],TrendsSnapshots[Company],A12), IFERROR(_xlfn.XLOOKUP(1,(TrendsSnapshots[Company]=A12)*(TrendsSnapshots[Snapshot Date]=_xlpm.d),TrendsSnapshots[Trends Index (0-100)]),"") )}
A13: {=IFERROR( _xlfn.LET( _xlpm.filtered, _xlfn.UNIQUE(_xlfn._xlws.FILTER(Config!$A$1:$A$498, Config!$G$1:$G$498="Y")), INDEX(_xlpm.filtered, ROW()-ROW($A$2)+1) ), "" )} | B13: =IFERROR(_xlfn.MAXIFS(GitHubSnapshots[Snapshot Date],GitHubSnapshots[Company],A13),"") | C13: {=IFERROR( _xlfn.XLOOKUP( 1, (GitHubSnapshots[Company]=A13)*(GitHubSnapshots[Snapshot Date]=B13), GitHubSnapshots[Stars] ), "")} | D13: {=_xlfn.LET( _xlpm.c,LOWER(TRIM($A13)), _xlpm.comp,LOWER(TRIM(GitHubSnapshots[Company])), _xlpm.dRaw,_xlfn._xlws.FILTER(GitHubSnapshots[Snapshot Date], _xlpm.comp=_xlpm.c), _xlpm.sAll,_xlfn._xlws.FILTER(GitHubSnapshots[Stars], _xlpm.comp=_xlpm.c), _xlpm.dNum,IF(ISNUMBER(_xlpm.dRaw), _xlpm.dRaw, DATE(LEFT(_xlpm.dRaw,4), MID(_xlpm.dRaw,6,2), MID(_xlpm.dRaw,9,2)) ), _xlpm.latest,MAX(_xlpm.dNum), _xlpm.cutoff,_xlpm.latest-30, _xlpm.dif,ABS(_xlpm.dNum-_xlpm.cutoff), _xlpm.target,INDEX(_xlpm.dNum, MATCH(MIN(_xlpm.dif), _xlpm.dif, 0)), IFERROR(INDEX(_xlpm.sAll, MATCH(_xlpm.target, _xlpm.dNum, 0)),"") )} | E13: =(ProxyCalc[[#This Row],[Stars (latest)]]/ProxyCalc[[#This Row],[Stars (30d ago)]])-1 | F13: {=IFERROR( _xlfn.XLOOKUP( 1, (GitHubSnapshots[Company]=A13)*(GitHubSnapshots[Snapshot Date]=B13), GitHubSnapshots[Forks] ), "")} | G13: {=_xlfn.LET( _xlpm.c,LOWER(TRIM($A13)), _xlpm.comp,LOWER(TRIM(GitHubSnapshots[Company])), _xlpm.dRaw,_xlfn._xlws.FILTER(GitHubSnapshots[Snapshot Date], _xlpm.comp=_xlpm.c), _xlpm.fAll,_xlfn._xlws.FILTER(GitHubSnapshots[Forks], _xlpm.comp=_xlpm.c), _xlpm.dNum,IF(ISNUMBER(_xlpm.dRaw), _xlpm.dRaw, DATE(LEFT(_xlpm.dRaw,4), MID(_xlpm.dRaw,6,2), MID(_xlpm.dRaw,9,2)) ), _xlpm.latest,MAX(_xlpm.dNum), _xlpm.cutoff,_xlpm.latest-30, _xlpm.dif,ABS(_xlpm.dNum-_xlpm.cutoff), _xlpm.target,INDEX(_xlpm.dNum, MATCH(MIN(_xlpm.dif), _xlpm.dif, 0)), IFERROR(INDEX(_xlpm.fAll, MATCH(_xlpm.target, _xlpm.dNum, 0)),"") )} | H13: =(ProxyCalc[[#This Row],[Forks (latest)]]/ProxyCalc[[#This Row],[Forks (30d ago)]])-1 | I13: {=_xlfn.LET( _xlpm.c,$A13, _xlpm.d,_xlfn.MAXIFS(PyPISnapshots[Snapshot Date],PyPISnapshots[Company],_xlpm.c), _xlpm.pkgs,_xlfn.UNIQUE(_xlfn._xlws.FILTER(PyPISnapshots[PyPI Package], (PyPISnapshots[Company]=_xlpm.c)*(PyPISnapshots[Snapshot Date]=_xlpm.d))), IFERROR( SUM( _xlfn.MAP(_xlpm.pkgs, _xlfn.LAMBDA(_xlpm.p, _xlfn.MAXIFS(PyPISnapshots[Downloads Last Month], PyPISnapshots[Company],_xlpm.c, PyPISnapshots[Snapshot Date],_xlpm.d, PyPISnapshots[PyPI Package],_xlpm.p) ))), "" ) )} | J13: {=_xlfn.LET( _xlpm.c,$A13, _xlpm.d,_xlfn.MAXIFS(PyPISnapshots[Snapshot Date],PyPISnapshots[Company],_xlpm.c), _xlpm.pkgs,_xlfn.UNIQUE(_xlfn._xlws.FILTER(PyPISnapshots[PyPI Package], (PyPISnapshots[Company]=_xlpm.c)*(PyPISnapshots[Snapshot Date]=_xlpm.d))), IFERROR( SUM( _xlfn.MAP(_xlpm.pkgs, _xlfn.LAMBDA(_xlpm.p, _xlfn.MAXIFS(PyPISnapshots[Prev Month], PyPISnapshots[Company],_xlpm.c, PyPISnapshots[Snapshot Date],_xlpm.d, PyPISnapshots[PyPI Package],_xlpm.p) ))), "" ) )} | K13: {=_xlfn.LET( _xlpm.c,$A13, _xlpm.d,_xlfn.MAXIFS(PyPISnapshots[Snapshot Date],PyPISnapshots[Company],_xlpm.c), _xlpm.pkgs,_xlfn.UNIQUE(_xlfn._xlws.FILTER(PyPISnapshots[PyPI Package], (PyPISnapshots[Company]=_xlpm.c)*(PyPISnapshots[Snapshot Date]=_xlpm.d))), IFERROR( SUM( _xlfn.MAP(_xlpm.pkgs, _xlfn.LAMBDA(_xlpm.p, _xlfn.MAXIFS(PyPISnapshots[-5 Months Ago], PyPISnapshots[Company],_xlpm.c, PyPISnapshots[Snapshot Date],_xlpm.d, PyPISnapshots[PyPI Package],_xlpm.p) ))), "" ) )} | L13: {=_xlfn.LET( _xlpm.c,$A13, _xlpm.d,_xlfn.MAXIFS(PyPISnapshots[Snapshot Date],PyPISnapshots[Company],_xlpm.c), _xlpm.pkgs,_xlfn.UNIQUE(_xlfn._xlws.FILTER(PyPISnapshots[PyPI Package], (PyPISnapshots[Company]=_xlpm.c)*(PyPISnapshots[Snapshot Date]=_xlpm.d))), IFERROR( SUM( _xlfn.MAP(_xlpm.pkgs, _xlfn.LAMBDA(_xlpm.p, _xlfn.MAXIFS(PyPISnapshots[-4 Months Ago2], PyPISnapshots[Company],_xlpm.c, PyPISnapshots[Snapshot Date],_xlpm.d, PyPISnapshots[PyPI Package],_xlpm.p) ))), "" ) )} | M13: {=_xlfn.LET( _xlpm.c,$A13, _xlpm.d,_xlfn.MAXIFS(PyPISnapshots[Snapshot Date],PyPISnapshots[Company],_xlpm.c), _xlpm.pkgs,_xlfn.UNIQUE(_xlfn._xlws.FILTER(PyPISnapshots[PyPI Package], (PyPISnapshots[Company]=_xlpm.c)*(PyPISnapshots[Snapshot Date]=_xlpm.d))), IFERROR( SUM( _xlfn.MAP(_xlpm.pkgs, _xlfn.LAMBDA(_xlpm.p, _xlfn.MAXIFS(PyPISnapshots[-3 Months Ago], PyPISnapshots[Company],_xlpm.c, PyPISnapshots[Snapshot Date],_xlpm.d, PyPISnapshots[PyPI Package],_xlpm.p) ))), "" ) )} | N13: {=_xlfn.LET( _xlpm.c,$A13, _xlpm.d,_xlfn.MAXIFS(PyPISnapshots[Snapshot Date],PyPISnapshots[Company],_xlpm.c), _xlpm.pkgs,_xlfn.UNIQUE(_xlfn._xlws.FILTER(PyPISnapshots[PyPI Package], (PyPISnapshots[Company]=_xlpm.c)*(PyPISnapshots[Snapshot Date]=_xlpm.d))), IFERROR( SUM( _xlfn.MAP(_xlpm.pkgs, _xlfn.LAMBDA(_xlpm.p, _xlfn.MAXIFS(PyPISnapshots[-2 Months Ago], PyPISnapshots[Company],_xlpm.c, PyPISnapshots[Snapshot Date],_xlpm.d, PyPISnapshots[PyPI Package],_xlpm.p) ))), "" ) )} | O13: =(ProxyCalc[[#This Row],[PyPI Downloads (last month)]]/ProxyCalc[[#This Row],[PyPI Downloads (Prev Month)]])-1 | P13: =(ProxyCalc[[#This Row],[PyPI Downloads (last month)]]/ProxyCalc[[#This Row],[PyPI Downloads (Six Months Ago)]])-1 | Q13: =(ProxyCalc[[#This Row],[PyPI Downloads (last month)]]/ProxyCalc[[#This Row],[PyPI Downloads (Three Months Ago)]])-1 | R13: {=_xlfn.LET( _xlpm.d, _xlfn.MAXIFS(TrendsSnapshots[Snapshot Date],TrendsSnapshots[Company],A13), IFERROR(_xlfn.XLOOKUP(1,(TrendsSnapshots[Company]=A13)*(TrendsSnapshots[Snapshot Date]=_xlpm.d),TrendsSnapshots[Trends Index (0-100)]),"") )}
... A70: {=IFERROR( _xlfn.LET( _xlpm.filtered, _xlfn.UNIQUE(_xlfn._xlws.FILTER(Config!$A$1:$A$498, Config!$G$1:$G$498="Y")), INDEX(_xlpm.filtered, ROW()-ROW($A$2)+1) ), "" )} | B70: =IFERROR(_xlfn.MAXIFS(GitHubSnapshots[Snapshot Date],GitHubSnapshots[Company],A70),"") | C70: {=IFERROR( _xlfn.XLOOKUP( 1, (GitHubSnapshots[Company]=A70)*(GitHubSnapshots[Snapshot Date]=B70), GitHubSnapshots[Stars] ), "")} | D70: {=_xlfn.LET( _xlpm.c,LOWER(TRIM($A70)), _xlpm.comp,LOWER(TRIM(GitHubSnapshots[Company])), _xlpm.dRaw,_xlfn._xlws.FILTER(GitHubSnapshots[Snapshot Date], _xlpm.comp=_xlpm.c), _xlpm.sAll,_xlfn._xlws.FILTER(GitHubSnapshots[Stars], _xlpm.comp=_xlpm.c), _xlpm.dNum,IF(ISNUMBER(_xlpm.dRaw), _xlpm.dRaw, DATE(LEFT(_xlpm.dRaw,4), MID(_xlpm.dRaw,6,2), MID(_xlpm.dRaw,9,2)) ), _xlpm.latest,MAX(_xlpm.dNum), _xlpm.cutoff,_xlpm.latest-30, _xlpm.dif,ABS(_xlpm.dNum-_xlpm.cutoff), _xlpm.target,INDEX(_xlpm.dNum, MATCH(MIN(_xlpm.dif), _xlpm.dif, 0)), IFERROR(INDEX(_xlpm.sAll, MATCH(_xlpm.target, _xlpm.dNum, 0)),"") )} | E70: =(ProxyCalc[[#This Row],[Stars (latest)]]/ProxyCalc[[#This Row],[Stars (30d ago)]])-1 | F70: {=IFERROR( _xlfn.XLOOKUP( 1, (GitHubSnapshots[Company]=A70)*(GitHubSnapshots[Snapshot Date]=B70), GitHubSnapshots[Forks] ), "")} | G70: {=_xlfn.LET( _xlpm.c,LOWER(TRIM($A70)), _xlpm.comp,LOWER(TRIM(GitHubSnapshots[Company])), _xlpm.dRaw,_xlfn._xlws.FILTER(GitHubSnapshots[Snapshot Date], _xlpm.comp=_xlpm.c), _xlpm.fAll,_xlfn._xlws.FILTER(GitHubSnapshots[Forks], _xlpm.comp=_xlpm.c), _xlpm.dNum,IF(ISNUMBER(_xlpm.dRaw), _xlpm.dRaw, DATE(LEFT(_xlpm.dRaw,4), MID(_xlpm.dRaw,6,2), MID(_xlpm.dRaw,9,2)) ), _xlpm.latest,MAX(_xlpm.dNum), _xlpm.cutoff,_xlpm.latest-30, _xlpm.dif,ABS(_xlpm.dNum-_xlpm.cutoff), _xlpm.target,INDEX(_xlpm.dNum, MATCH(MIN(_xlpm.dif), _xlpm.dif, 0)), IFERROR(INDEX(_xlpm.fAll, MATCH(_xlpm.target, _xlpm.dNum, 0)),"") )} | H70: =(ProxyCalc[[#This Row],[Forks (latest)]]/ProxyCalc[[#This Row],[Forks (30d ago)]])-1 | I70: {=_xlfn.LET( _xlpm.c,$A70, _xlpm.d,_xlfn.MAXIFS(PyPISnapshots[Snapshot Date],PyPISnapshots[Company],_xlpm.c), _xlpm.pkgs,_xlfn.UNIQUE(_xlfn._xlws.FILTER(PyPISnapshots[PyPI Package], (PyPISnapshots[Company]=_xlpm.c)*(PyPISnapshots[Snapshot Date]=_xlpm.d))), IFERROR( SUM( _xlfn.MAP(_xlpm.pkgs, _xlfn.LAMBDA(_xlpm.p, _xlfn.MAXIFS(PyPISnapshots[Downloads Last Month], PyPISnapshots[Company],_xlpm.c, PyPISnapshots[Snapshot Date],_xlpm.d, PyPISnapshots[PyPI Package],_xlpm.p) ))), "" ) )} | J70: {=_xlfn.LET( _xlpm.c,$A70, _xlpm.d,_xlfn.MAXIFS(PyPISnapshots[Snapshot Date],PyPISnapshots[Company],_xlpm.c), _xlpm.pkgs,_xlfn.UNIQUE(_xlfn._xlws.FILTER(PyPISnapshots[PyPI Package], (PyPISnapshots[Company]=_xlpm.c)*(PyPISnapshots[Snapshot Date]=_xlpm.d))), IFERROR( SUM( _xlfn.MAP(_xlpm.pkgs, _xlfn.LAMBDA(_xlpm.p, _xlfn.MAXIFS(PyPISnapshots[Prev Month], PyPISnapshots[Company],_xlpm.c, PyPISnapshots[Snapshot Date],_xlpm.d, PyPISnapshots[PyPI Package],_xlpm.p) ))), "" ) )} | K70: {=_xlfn.LET( _xlpm.c,$A70, _xlpm.d,_xlfn.MAXIFS(PyPISnapshots[Snapshot Date],PyPISnapshots[Company],_xlpm.c), _xlpm.pkgs,_xlfn.UNIQUE(_xlfn._xlws.FILTER(PyPISnapshots[PyPI Package], (PyPISnapshots[Company]=_xlpm.c)*(PyPISnapshots[Snapshot Date]=_xlpm.d))), IFERROR( SUM( _xlfn.MAP(_xlpm.pkgs, _xlfn.LAMBDA(_xlpm.p, _xlfn.MAXIFS(PyPISnapshots[-5 Months Ago], PyPISnapshots[Company],_xlpm.c, PyPISnapshots[Snapshot Date],_xlpm.d, PyPISnapshots[PyPI Package],_xlpm.p) ))), "" ) )} | L70: {=_xlfn.LET( _xlpm.c,$A70, _xlpm.d,_xlfn.MAXIFS(PyPISnapshots[Snapshot Date],PyPISnapshots[Company],_xlpm.c), _xlpm.pkgs,_xlfn.UNIQUE(_xlfn._xlws.FILTER(PyPISnapshots[PyPI Package], (PyPISnapshots[Company]=_xlpm.c)*(PyPISnapshots[Snapshot Date]=_xlpm.d))), IFERROR( SUM( _xlfn.MAP(_xlpm.pkgs, _xlfn.LAMBDA(_xlpm.p, _xlfn.MAXIFS(PyPISnapshots[-4 Months Ago2], PyPISnapshots[Company],_xlpm.c, PyPISnapshots[Snapshot Date],_xlpm.d, PyPISnapshots[PyPI Package],_xlpm.p) ))), "" ) )} | M70: {=_xlfn.LET( _xlpm.c,$A70, _xlpm.d,_xlfn.MAXIFS(PyPISnapshots[Snapshot Date],PyPISnapshots[Company],_xlpm.c), _xlpm.pkgs,_xlfn.UNIQUE(_xlfn._xlws.FILTER(PyPISnapshots[PyPI Package], (PyPISnapshots[Company]=_xlpm.c)*(PyPISnapshots[Snapshot Date]=_xlpm.d))), IFERROR( SUM( _xlfn.MAP(_xlpm.pkgs, _xlfn.LAMBDA(_xlpm.p, _xlfn.MAXIFS(PyPISnapshots[-3 Months Ago], PyPISnapshots[Company],_xlpm.c, PyPISnapshots[Snapshot Date],_xlpm.d, PyPISnapshots[PyPI Package],_xlpm.p) ))), "" ) )} | N70: {=_xlfn.LET( _xlpm.c,$A70, _xlpm.d,_xlfn.MAXIFS(PyPISnapshots[Snapshot Date],PyPISnapshots[Company],_xlpm.c), _xlpm.pkgs,_xlfn.UNIQUE(_xlfn._xlws.FILTER(PyPISnapshots[PyPI Package], (PyPISnapshots[Company]=_xlpm.c)*(PyPISnapshots[Snapshot Date]=_xlpm.d))), IFERROR( SUM( _xlfn.MAP(_xlpm.pkgs, _xlfn.LAMBDA(_xlpm.p, _xlfn.MAXIFS(PyPISnapshots[-2 Months Ago], PyPISnapshots[Company],_xlpm.c, PyPISnapshots[Snapshot Date],_xlpm.d, PyPISnapshots[PyPI Package],_xlpm.p) ))), "" ) )} | O70: =(ProxyCalc[[#This Row],[PyPI Downloads (last month)]]/ProxyCalc[[#This Row],[PyPI Downloads (Prev Month)]])-1 | P70: =(ProxyCalc[[#This Row],[PyPI Downloads (last month)]]/ProxyCalc[[#This Row],[PyPI Downloads (Six Months Ago)]])-1 | Q70: =(ProxyCalc[[#This Row],[PyPI Downloads (last month)]]/ProxyCalc[[#This Row],[PyPI Downloads (Three Months Ago)]])-1 | R70: {=_xlfn.LET( _xlpm.d, _xlfn.MAXIFS(TrendsSnapshots[Snapshot Date],TrendsSnapshots[Company],A70), IFERROR(_xlfn.XLOOKUP(1,(TrendsSnapshots[Company]=A70)*(TrendsSnapshots[Snapshot Date]=_xlpm.d),TrendsSnapshots[Trends Index (0-100)]),"") )}

Sheet parked packages 1

Sheet parked packages 2
D1: Company | E1: Type | F1: GitHub Owner | G1: Repo | H1: PyPI Package | I1: Trend Keyword
D2: IBM | E2: SDK | F2: qiskit | G2: qiskit | H2: qiskit | I2: qiskit
D3: Google | E3: SDK | F3: quantumlib | G3: cirq | H3: cirq | I3: cirq
D4: Xanadu | E4: ML | F4: PennyLaneAI | G4: pennylane | H4: pennylane | I4: pennylane
D5: Amazon Braket | E5: SDK | F5: amazon-braket | G5: amazon-braket-sdk-python | H5: amazon-braket-sdk | I5: amazon braket
D6: D-Wave | E6: Systems | F6: dwavesystems | G6: dwave-ocean-sdk | H6: dwave-ocean-sdk | I6: dwave ocean
D7: Rigetti | E7: SDK | F7: rigetti | G7: pyquil | H7: pyquil | I7: pyquil
D8: Blueqat | E8: SDK | F8: Blueqat | G8: Blueqat | H8: blueqat | I8: blueqat
D9: QuTiP Team | E9: Simulator | F9: qutip | G9: qutip | H9: qutip | I9: qutip
D10: Qibo Team | E10: SDK | F10: qiboteam | G10: qibo | H10: qibo | I10: qibo
D11: Xanadu | E11: CV Simulator | F11: XanaduAI | G11: strawberryfields | H11: strawberryfields | I11: strawberryfields
D12: Xanadu | E12: Math | F12: XanaduAI | G12: thewalrus | H12: thewalrus | I12: thewalrus
... D64: QHack Utils | E64: Tools | F64: PennyLaneAI | G64: qhack | H64: qhack | I64: qhack
D66: QHack Utils,Tools,PennyLaneAI,qhack,qhack,qhack
